CustomerID,churn_probability,predicted_12m_revenue,customer_segment,anomaly_flag,retention_priority_flag
CUST-00001,0.41203286619393487,6965.76,Budget Users,Normal,Low Priority
CUST-00002,0.4453351909042982,5212.32,New / Low-Engaged,Normal,Low Priority
CUST-00003,0.16942781463882373,4696.200000000001,New / Low-Engaged,Normal,Low Priority
CUST-00004,0.8213279165429107,5044.799999999999,New / Low-Engaged,Normal,Critical / High Priority
CUST-00005,0.12254667154660825,5552.76,New / Low-Engaged,Normal,Low Priority
CUST-00006,0.6158715858897054,5331.24,New / Low-Engaged,Normal,Critical / High Priority
CUST-00007,0.08846362963778459,5043.96,Loyal High-Value,Normal,Low Priority
CUST-00008,0.3459261419484288,5291.76,At-Risk,Normal,Low Priority
CUST-00009,0.4676431196146353,2964.12,New / Low-Engaged,Normal,Low Priority
CUST-00010,0.42213480591705144,4254.12,New / Low-Engaged,Normal,Low Priority
CUST-00011,0.7623496700450206,5847.36,At-Risk,Normal,Critical / High Priority
CUST-00012,0.4433626095379367,7128.12,Budget Users,Normal,Low Priority
CUST-00013,0.20591203208589748,6249.599999999999,At-Risk,Normal,Low Priority
CUST-00014,0.7299554269341966,5642.28,New / Low-Engaged,Normal,Critical / High Priority
CUST-00015,0.24222495287113371,5601.24,New / Low-Engaged,Normal,Low Priority
CUST-00016,0.7954524046773928,5075.04,New / Low-Engaged,Normal,Critical / High Priority
CUST-00017,0.37399928705747415,5126.16,New / Low-Engaged,Normal,Low Priority
CUST-00018,0.06651070068250237,6284.039999999999,Budget Users,Normal,Low Priority
CUST-00019,0.39822377907249745,3865.44,New / Low-Engaged,Normal,Low Priority
CUST-00020,0.20853969516980675,7122.719999999999,Budget Users,Normal,Low Priority
CUST-00021,0.1849859381793703,4670.76,New / Low-Engaged,Normal,Low Priority
CUST-00022,0.2749755623743811,5822.64,At-Risk,Normal,Low Priority
CUST-00023,0.6935654096774128,5794.4400000000005,New / Low-Engaged,Normal,Critical / High Priority
CUST-00024,0.8781241477533265,3470.04,New / Low-Engaged,Normal,Medium Priority
CUST-00025,0.37473774839171,4670.88,New / Low-Engaged,Normal,Low Priority
CUST-00026,0.43985221642245387,5286.96,New / Low-Engaged,Normal,Low Priority
CUST-00027,0.5473313251227535,8220.84,Loyal High-Value,Normal,Medium Priority
CUST-00028,0.7181495432343831,5514.6,New / Low-Engaged,Normal,Critical / High Priority
CUST-00029,0.7995817443279041,6018.24,New / Low-Engaged,Normal,Critical / High Priority
CUST-00030,0.32384205046574177,4744.68,Loyal High-Value,Normal,Low Priority
CUST-00031,0.6261937496973738,5558.64,At-Risk,Normal,Critical / High Priority
CUST-00032,0.0575368159354645,7901.52,Budget Users,Normal,Low Priority
CUST-00033,0.4047230590758544,6346.08,Budget Users,Normal,Low Priority
CUST-00034,0.6029262463775454,7602.84,Budget Users,Normal,Critical / High Priority
CUST-00035,0.9080372719339572,6135.4800000000005,Budget Users,Normal,Critical / High Priority
CUST-00036,0.21442562030169865,5249.4,New / Low-Engaged,Normal,Low Priority
CUST-00037,0.9406826378267521,4824.84,New / Low-Engaged,Normal,Medium Priority
CUST-00038,0.3424764560074048,6506.280000000001,Budget Users,Normal,Low Priority
CUST-00039,0.8975162535565879,6806.76,Budget Users,Normal,Critical / High Priority
CUST-00040,0.06857288185857223,4130.64,New / Low-Engaged,Normal,Low Priority
CUST-00041,0.6919765227711067,7374.84,Loyal High-Value,Normal,Critical / High Priority
CUST-00042,0.4555054576312389,8107.68,Budget Users,Normal,Low Priority
CUST-00043,0.827295589273196,7990.68,Budget Users,Normal,Critical / High Priority
CUST-00044,0.4604456166785891,6407.16,Budget Users,Normal,Low Priority
CUST-00045,0.8926006264554844,6278.280000000001,Budget Users,Normal,Critical / High Priority
CUST-00046,0.6500850913567924,4871.04,New / Low-Engaged,Normal,Medium Priority
CUST-00047,0.9173479038466485,3681.24,New / Low-Engaged,Normal,Medium Priority
CUST-00048,0.7447453336119032,4360.08,Loyal High-Value,Normal,Medium Priority
CUST-00049,0.9324143152854742,6282.12,Budget Users,Normal,Critical / High Priority
CUST-00050,0.07267816881266363,5568.96,Loyal High-Value,Normal,Low Priority
CUST-00051,0.3595418651665531,4585.08,New / Low-Engaged,Normal,Low Priority
CUST-00052,0.7232650415751938,6348.0,Loyal High-Value,Normal,Critical / High Priority
CUST-00053,0.7213536246504855,5486.64,Loyal High-Value,Normal,Critical / High Priority
CUST-00054,0.34529183272575587,7554.36,Loyal High-Value,Anomaly,Low Priority
CUST-00055,0.755108840869512,4619.76,Loyal High-Value,Normal,Medium Priority
CUST-00056,0.11080421776267904,4593.96,At-Risk,Normal,Low Priority
CUST-00057,0.8701188143083135,4757.76,Loyal High-Value,Normal,Medium Priority
CUST-00058,0.45731144336364304,6575.16,Loyal High-Value,Normal,Low Priority
CUST-00059,0.27847781511328434,6662.64,Loyal High-Value,Normal,Low Priority
CUST-00060,0.678784142949051,7105.92,Budget Users,Normal,Critical / High Priority
CUST-00061,0.7639792646268734,4951.200000000001,New / Low-Engaged,Normal,Medium Priority
CUST-00062,0.8111911846258977,4887.72,Loyal High-Value,Normal,Medium Priority
CUST-00063,0.8971655726372894,8090.88,Budget Users,Normal,Critical / High Priority
CUST-00064,0.7921496024523308,6081.6,At-Risk,Normal,Critical / High Priority
CUST-00065,0.6413437976190847,6144.24,Budget Users,Normal,Critical / High Priority
CUST-00066,0.46024839864730727,8456.76,Budget Users,Normal,Low Priority
CUST-00067,0.1445692140108007,5237.04,New / Low-Engaged,Normal,Low Priority
CUST-00068,0.155514575713608,5369.76,New / Low-Engaged,Normal,Low Priority
CUST-00069,0.945109966302327,5728.08,At-Risk,Normal,Critical / High Priority
CUST-00070,0.3946868034416006,4053.84,New / Low-Engaged,Normal,Low Priority
CUST-00071,0.5196912375164969,3690.84,New / Low-Engaged,Normal,Medium Priority
CUST-00072,0.4130334330184274,8717.880000000001,Budget Users,Normal,Low Priority
CUST-00073,0.7386400198782265,6908.76,Loyal High-Value,Normal,Critical / High Priority
CUST-00074,0.8955330119957352,4333.799999999999,New / Low-Engaged,Normal,Medium Priority
CUST-00075,0.6610171260368829,6696.0,Loyal High-Value,Normal,Critical / High Priority
CUST-00076,0.7878744720194858,7785.960000000001,Budget Users,Normal,Critical / High Priority
CUST-00077,0.14858935587071348,7077.12,Loyal High-Value,Normal,Low Priority
CUST-00078,0.17151501217973192,4421.76,New / Low-Engaged,Anomaly,Low Priority
CUST-00079,0.5925835494383959,7449.36,Budget Users,Normal,Medium Priority
CUST-00080,0.1352825746205212,4452.84,New / Low-Engaged,Normal,Low Priority
CUST-00081,0.9014321084528212,4003.56,New / Low-Engaged,Normal,Medium Priority
CUST-00082,0.5968728128914413,5446.799999999999,At-Risk,Normal,Medium Priority
CUST-00083,0.4067154128572542,7856.280000000001,Budget Users,Normal,Low Priority
CUST-00084,0.4811602170534983,6970.68,Loyal High-Value,Normal,Low Priority
CUST-00085,0.11223747355876515,7250.64,Budget Users,Normal,Low Priority
CUST-00086,0.3032582158250058,3687.12,New / Low-Engaged,Normal,Low Priority
CUST-00087,0.3356107938769816,7962.12,Budget Users,Normal,Low Priority
CUST-00088,0.1986752555628839,5086.4400000000005,New / Low-Engaged,Normal,Low Priority
CUST-00089,0.4169871930172583,6342.12,Budget Users,Normal,Low Priority
CUST-00090,0.3306089709757119,4651.68,Loyal High-Value,Normal,Low Priority
CUST-00091,0.41648310144552414,5836.92,Loyal High-Value,Normal,Low Priority
CUST-00092,0.16522493131388227,4964.76,New / Low-Engaged,Normal,Low Priority
CUST-00093,0.45741042869331067,8910.599999999999,Budget Users,Normal,Low Priority
CUST-00094,0.08844487222848998,5723.76,New / Low-Engaged,Normal,Low Priority
CUST-00095,0.30598988079762796,8287.08,Budget Users,Normal,Low Priority
CUST-00096,0.17985133874587628,7718.039999999999,Budget Users,Normal,Low Priority
CUST-00097,0.17011152352772396,4639.92,New / Low-Engaged,Normal,Low Priority
CUST-00098,0.5674932129026367,6522.719999999999,Loyal High-Value,Anomaly,Medium Priority
CUST-00099,0.5519513071395922,4390.200000000001,New / Low-Engaged,Normal,Medium Priority
CUST-00100,0.15227953966254032,3289.7999999999997,New / Low-Engaged,Normal,Low Priority
CUST-00101,0.5849678837235033,3557.5199999999995,New / Low-Engaged,Normal,Medium Priority
CUST-00102,0.3682887535838903,5423.4,At-Risk,Normal,Low Priority
CUST-00103,0.7966434806199326,8801.16,Budget Users,Normal,Critical / High Priority
CUST-00104,0.3852257965177483,3476.04,New / Low-Engaged,Normal,Low Priority
CUST-00105,0.8344098410139665,5802.72,At-Risk,Normal,Critical / High Priority
CUST-00106,0.639947401150881,5853.4800000000005,Loyal High-Value,Normal,Critical / High Priority
CUST-00107,0.5577575653750536,3659.3999999999996,At-Risk,Normal,Medium Priority
CUST-00108,0.37796083803882274,6258.960000000001,New / Low-Engaged,Normal,Low Priority
CUST-00109,0.11294224225398344,7752.719999999999,Budget Users,Normal,Low Priority
CUST-00110,0.6296097704483331,7759.4400000000005,Loyal High-Value,Normal,Critical / High Priority
CUST-00111,0.1810942087629399,7733.039999999999,At-Risk,Normal,Low Priority
CUST-00112,0.14730961025243328,3206.88,New / Low-Engaged,Normal,Low Priority
CUST-00113,0.8443388769597159,8670.0,At-Risk,Anomaly,Critical / High Priority
CUST-00114,0.878734404797639,5811.24,Loyal High-Value,Normal,Critical / High Priority
CUST-00115,0.5210750538071732,5685.24,At-Risk,Normal,Medium Priority
CUST-00116,0.5198375173065708,7362.0,Budget Users,Normal,Medium Priority
CUST-00117,0.37258282532867953,7452.48,Budget Users,Normal,Low Priority
CUST-00118,0.7172741018894966,4949.88,New / Low-Engaged,Normal,Medium Priority
CUST-00119,0.8255391530311796,4347.12,New / Low-Engaged,Normal,Medium Priority
CUST-00120,0.07834063106474447,7659.599999999999,Budget Users,Normal,Low Priority
CUST-00121,0.40717615998169354,4011.7200000000003,New / Low-Engaged,Normal,Low Priority
CUST-00122,0.8481525385286182,7985.16,Loyal High-Value,Anomaly,Critical / High Priority
CUST-00123,0.8469806058428695,5821.5599999999995,New / Low-Engaged,Normal,Critical / High Priority
CUST-00124,0.7538057586464846,3654.96,New / Low-Engaged,Normal,Medium Priority
CUST-00125,0.19087514620219848,6995.039999999999,Budget Users,Normal,Low Priority
CUST-00126,0.09365068967982554,7144.92,Budget Users,Normal,Low Priority
CUST-00127,0.7094221895896107,7959.48,Budget Users,Normal,Critical / High Priority
CUST-00128,0.839261378577068,5857.08,New / Low-Engaged,Normal,Critical / High Priority
CUST-00129,0.8437439094608848,6935.76,Budget Users,Normal,Critical / High Priority
CUST-00130,0.6920430625531224,4771.200000000001,New / Low-Engaged,Normal,Medium Priority
CUST-00131,0.8157446004990558,6395.76,New / Low-Engaged,Normal,Critical / High Priority
CUST-00132,0.878192892390252,8144.16,Budget Users,Normal,Critical / High Priority
CUST-00133,0.6228381885860835,4228.4400000000005,New / Low-Engaged,Normal,Medium Priority
CUST-00134,0.9042724886517175,6966.719999999999,Loyal High-Value,Normal,Critical / High Priority
CUST-00135,0.799621981077938,7115.88,Budget Users,Normal,Critical / High Priority
CUST-00136,0.28535759931946586,3994.56,New / Low-Engaged,Normal,Low Priority
CUST-00137,0.24692726072531657,5846.64,Budget Users,Normal,Low Priority
CUST-00138,0.4110840514040945,4119.36,New / Low-Engaged,Normal,Low Priority
CUST-00139,0.47357507025033335,6465.24,Budget Users,Normal,Low Priority
CUST-00140,0.4666863964888823,7412.280000000001,Loyal High-Value,Normal,Low Priority
CUST-00141,0.33443544777954626,5270.64,New / Low-Engaged,Normal,Low Priority
CUST-00142,0.2929214632886833,7969.68,Budget Users,Normal,Low Priority
CUST-00143,0.9098354398547629,5349.72,New / Low-Engaged,Normal,Critical / High Priority
CUST-00144,0.7195701354061041,5298.24,Loyal High-Value,Normal,Critical / High Priority
CUST-00145,0.5838971279482118,5315.04,New / Low-Engaged,Normal,Medium Priority
CUST-00146,0.8722545375627672,6421.5599999999995,Budget Users,Normal,Critical / High Priority
CUST-00147,0.18439876419294338,7289.76,Loyal High-Value,Normal,Low Priority
CUST-00148,0.26052339440370703,5652.84,At-Risk,Normal,Low Priority
CUST-00149,0.7609863206740437,5746.92,New / Low-Engaged,Normal,Critical / High Priority
CUST-00150,0.39808098078182336,6826.32,Budget Users,Normal,Low Priority
CUST-00151,0.9015476824388381,4036.08,New / Low-Engaged,Normal,Medium Priority
CUST-00152,0.9382731974127145,3432.12,New / Low-Engaged,Anomaly,Medium Priority
CUST-00153,0.2817283970355812,6131.28,Loyal High-Value,Normal,Low Priority
CUST-00154,0.7763733753050089,5160.4800000000005,New / Low-Engaged,Normal,Critical / High Priority
CUST-00155,0.3272813924007102,3373.44,New / Low-Engaged,Normal,Low Priority
CUST-00156,0.9004031643812767,5793.24,Budget Users,Normal,Critical / High Priority
CUST-00157,0.09794517995183019,6990.960000000001,At-Risk,Normal,Low Priority
CUST-00158,0.311473067272309,6301.799999999999,Budget Users,Normal,Low Priority
CUST-00159,0.6856161633608193,7530.960000000001,Budget Users,Normal,Critical / High Priority
CUST-00160,0.8320964289681976,5705.16,Budget Users,Normal,Critical / High Priority
CUST-00161,0.48678981020983614,5499.0,New / Low-Engaged,Normal,Low Priority
CUST-00162,0.3771132358851679,5940.24,Budget Users,Normal,Low Priority
CUST-00163,0.5892106121306949,8042.16,Loyal High-Value,Normal,Medium Priority
CUST-00164,0.3818772707731657,6286.4400000000005,At-Risk,Normal,Low Priority
CUST-00165,0.5189762000182045,6562.799999999999,Loyal High-Value,Normal,Medium Priority
CUST-00166,0.06681158956070068,6255.24,At-Risk,Normal,Low Priority
CUST-00167,0.7142904508020869,8241.36,Loyal High-Value,Normal,Critical / High Priority
CUST-00168,0.29659954735696686,7724.280000000001,Budget Users,Normal,Low Priority
CUST-00169,0.8543112752064185,5725.68,Budget Users,Normal,Critical / High Priority
CUST-00170,0.6832347205969367,7476.960000000001,Loyal High-Value,Anomaly,Critical / High Priority
CUST-00171,0.34855106386879814,5626.799999999999,New / Low-Engaged,Normal,Low Priority
CUST-00172,0.7781872263264592,7303.5599999999995,Budget Users,Normal,Critical / High Priority
CUST-00173,0.439249208879057,5460.84,New / Low-Engaged,Normal,Low Priority
CUST-00174,0.2922910983761477,7247.52,At-Risk,Normal,Low Priority
CUST-00175,0.09520588870980393,6268.32,New / Low-Engaged,Normal,Low Priority
CUST-00176,0.29348657076964013,6802.5599999999995,Budget Users,Normal,Low Priority
CUST-00177,0.13359845270451348,4673.16,New / Low-Engaged,Normal,Low Priority
CUST-00178,0.4472686435988541,5331.84,New / Low-Engaged,Normal,Low Priority
CUST-00179,0.18815269939748042,4822.4400000000005,New / Low-Engaged,Normal,Low Priority
CUST-00180,0.10843130048555993,5909.04,Budget Users,Normal,Low Priority
CUST-00181,0.5093526210853296,3712.92,New / Low-Engaged,Normal,Medium Priority
CUST-00182,0.5953783611826607,7193.16,Budget Users,Normal,Medium Priority
CUST-00183,0.6857615390927242,6744.24,Budget Users,Normal,Critical / High Priority
CUST-00184,0.19040246476152212,7110.36,Budget Users,Normal,Low Priority
CUST-00185,0.7821326199726938,3828.12,At-Risk,Normal,Medium Priority
CUST-00186,0.8621588080506274,7354.4400000000005,Budget Users,Normal,Critical / High Priority
CUST-00187,0.8496875550700475,2819.88,New / Low-Engaged,Normal,Medium Priority
CUST-00188,0.4000159287666094,6375.0,Loyal High-Value,Normal,Low Priority
CUST-00189,0.3711617596074431,8582.76,Budget Users,Normal,Low Priority
CUST-00190,0.2651830516135348,2799.36,New / Low-Engaged,Normal,Low Priority
CUST-00191,0.7896550125695782,3704.16,New / Low-Engaged,Normal,Medium Priority
CUST-00192,0.482624400228589,4180.68,New / Low-Engaged,Normal,Low Priority
CUST-00193,0.5214104154331884,7125.719999999999,Budget Users,Normal,Medium Priority
CUST-00194,0.6603512935689311,4738.5599999999995,At-Risk,Normal,Medium Priority
CUST-00195,0.6735452213369687,7767.0,Loyal High-Value,Normal,Critical / High Priority
CUST-00196,0.4523026233043878,4645.200000000001,New / Low-Engaged,Normal,Low Priority
CUST-00197,0.6688778014337249,5789.76,New / Low-Engaged,Normal,Critical / High Priority
CUST-00198,0.1109053552653119,3771.4800000000005,New / Low-Engaged,Normal,Low Priority
CUST-00199,0.4118893443803749,5952.72,Loyal High-Value,Normal,Low Priority
CUST-00200,0.9108520813065669,4331.88,New / Low-Engaged,Normal,Medium Priority
CUST-00201,0.3542011884201839,8598.24,Budget Users,Normal,Low Priority
CUST-00202,0.3400384931541233,4492.68,New / Low-Engaged,Normal,Low Priority
CUST-00203,0.8587652384610946,5478.24,New / Low-Engaged,Normal,Critical / High Priority
CUST-00204,0.3352215484009917,6471.960000000001,Budget Users,Normal,Low Priority
CUST-00205,0.31632201880210487,6609.36,Budget Users,Normal,Low Priority
CUST-00206,0.7505342736595557,6528.960000000001,Loyal High-Value,Normal,Critical / High Priority
CUST-00207,0.3315557759147104,4646.88,Loyal High-Value,Normal,Low Priority
CUST-00208,0.5897479664037452,4362.96,New / Low-Engaged,Normal,Medium Priority
CUST-00209,0.2954331333571445,5460.6,Loyal High-Value,Normal,Low Priority
CUST-00210,0.8930991554042018,8643.48,Budget Users,Normal,Critical / High Priority
CUST-00211,0.460710773440108,6645.48,At-Risk,Normal,Low Priority
CUST-00212,0.06125451279771698,3719.6400000000003,New / Low-Engaged,Normal,Low Priority
CUST-00213,0.6562257703222083,6062.88,Loyal High-Value,Normal,Critical / High Priority
CUST-00214,0.5098512482017163,6513.719999999999,Budget Users,Normal,Medium Priority
CUST-00215,0.11066254379427763,5952.6,Budget Users,Normal,Low Priority
CUST-00216,0.5210215950389087,6682.200000000001,At-Risk,Anomaly,Medium Priority
CUST-00217,0.6897020337222869,5094.36,Loyal High-Value,Normal,Critical / High Priority
CUST-00218,0.665668118409947,7606.68,Budget Users,Normal,Critical / High Priority
CUST-00219,0.1485663006706628,5052.72,At-Risk,Normal,Low Priority
CUST-00220,0.763652175821357,4718.88,New / Low-Engaged,Normal,Medium Priority
CUST-00221,0.7193266334573862,7601.039999999999,Loyal High-Value,Normal,Critical / High Priority
CUST-00222,0.24678556661794165,5598.12,At-Risk,Anomaly,Low Priority
CUST-00223,0.7941474678257976,5432.64,New / Low-Engaged,Normal,Critical / High Priority
CUST-00224,0.3770789537375172,6035.76,Budget Users,Normal,Low Priority
CUST-00225,0.8646159194432713,4690.32,New / Low-Engaged,Normal,Medium Priority
CUST-00226,0.10025047451529072,6096.72,Budget Users,Normal,Low Priority
CUST-00227,0.6953565589032782,5603.88,At-Risk,Normal,Critical / High Priority
CUST-00228,0.5527650632272014,5409.84,Budget Users,Normal,Medium Priority
CUST-00229,0.9201073745122502,8650.2,Budget Users,Normal,Critical / High Priority
CUST-00230,0.2352264082324082,6769.32,Loyal High-Value,Normal,Low Priority
CUST-00231,0.6054912781430224,6501.599999999999,At-Risk,Normal,Critical / High Priority
CUST-00232,0.9352780916900162,8335.8,Budget Users,Normal,Critical / High Priority
CUST-00233,0.5540418710568557,5752.200000000001,Loyal High-Value,Normal,Medium Priority
CUST-00234,0.3631708904436164,6639.719999999999,At-Risk,Normal,Low Priority
CUST-00235,0.738967851411858,7625.88,Budget Users,Normal,Critical / High Priority
CUST-00236,0.5351713621068821,6581.16,Budget Users,Normal,Medium Priority
CUST-00237,0.521073051560466,6640.68,Budget Users,Normal,Medium Priority
CUST-00238,0.7844474910411997,7161.0,Loyal High-Value,Normal,Critical / High Priority
CUST-00239,0.6280899766057584,5361.96,At-Risk,Normal,Critical / High Priority
CUST-00240,0.6077799998412948,5601.72,New / Low-Engaged,Normal,Critical / High Priority
CUST-00241,0.24834508526921373,4915.799999999999,New / Low-Engaged,Normal,Low Priority
CUST-00242,0.09124050875925231,5965.5599999999995,At-Risk,Normal,Low Priority
CUST-00243,0.16093162658004426,5637.24,Budget Users,Normal,Low Priority
CUST-00244,0.5319823735534277,6687.599999999999,Loyal High-Value,Normal,Medium Priority
CUST-00245,0.9381997797703623,5173.799999999999,Budget Users,Normal,Critical / High Priority
CUST-00246,0.5853275488808803,7248.24,At-Risk,Normal,Medium Priority
CUST-00247,0.30583816521199075,3721.92,New / Low-Engaged,Normal,Low Priority
CUST-00248,0.4344788641350931,6842.76,Budget Users,Normal,Low Priority
CUST-00249,0.7118997335978303,7485.36,Budget Users,Normal,Critical / High Priority
CUST-00250,0.6721568765175602,3930.7200000000003,New / Low-Engaged,Normal,Medium Priority
CUST-00251,0.9170799424502423,6058.5599999999995,Loyal High-Value,Normal,Critical / High Priority
CUST-00252,0.25143150660139907,6459.960000000001,Loyal High-Value,Normal,Low Priority
CUST-00253,0.3882841878807129,5741.64,Loyal High-Value,Normal,Low Priority
CUST-00254,0.6433256193017592,4790.04,New / Low-Engaged,Normal,Medium Priority
CUST-00255,0.7737547556893662,4599.96,New / Low-Engaged,Normal,Medium Priority
CUST-00256,0.6511187965290534,6489.84,Budget Users,Normal,Critical / High Priority
CUST-00257,0.23411906125802473,5900.04,Budget Users,Normal,Low Priority
CUST-00258,0.32939306231113313,7030.32,Budget Users,Normal,Low Priority
CUST-00259,0.38674811862277514,6578.88,At-Risk,Normal,Low Priority
CUST-00260,0.10887499541688742,3723.24,New / Low-Engaged,Normal,Low Priority
CUST-00261,0.49811391824210194,5817.4800000000005,Loyal High-Value,Normal,Low Priority
CUST-00262,0.06708562739354104,7953.84,Budget Users,Normal,Low Priority
CUST-00263,0.7612397948593063,3992.5199999999995,New / Low-Engaged,Normal,Medium Priority
CUST-00264,0.8609612130336057,5241.24,At-Risk,Normal,Critical / High Priority
CUST-00265,0.5460724802394571,4099.5599999999995,New / Low-Engaged,Normal,Medium Priority
CUST-00266,0.1282063837210332,5234.04,New / Low-Engaged,Normal,Low Priority
CUST-00267,0.5172793702252702,5608.92,New / Low-Engaged,Normal,Medium Priority
CUST-00268,0.751848484617326,5352.84,Budget Users,Normal,Critical / High Priority
CUST-00269,0.09934766410420967,6459.24,Budget Users,Normal,Low Priority
CUST-00270,0.6957592419277133,4014.7200000000003,New / Low-Engaged,Normal,Medium Priority
CUST-00271,0.696493522462258,6596.16,At-Risk,Normal,Critical / High Priority
CUST-00272,0.5102937887131078,3892.7999999999997,Loyal High-Value,Anomaly,Medium Priority
CUST-00273,0.756567720993353,6431.400000000001,At-Risk,Normal,Critical / High Priority
CUST-00274,0.5751525170612439,8009.64,Budget Users,Normal,Medium Priority
CUST-00275,0.43433243466967775,4192.08,New / Low-Engaged,Normal,Low Priority
CUST-00276,0.18844022024331103,4510.200000000001,New / Low-Engaged,Normal,Low Priority
CUST-00277,0.8810507714077419,3378.4800000000005,New / Low-Engaged,Normal,Medium Priority
CUST-00278,0.46869157233742553,7072.5599999999995,Loyal High-Value,Normal,Low Priority
CUST-00279,0.9376669952225388,7203.0,Budget Users,Normal,Critical / High Priority
CUST-00280,0.41366946292571527,5316.36,At-Risk,Normal,Low Priority
CUST-00281,0.6563245140994394,4459.08,New / Low-Engaged,Normal,Medium Priority
CUST-00282,0.6413172991938105,3814.32,New / Low-Engaged,Normal,Medium Priority
CUST-00283,0.41694705278805316,4999.799999999999,New / Low-Engaged,Normal,Low Priority
CUST-00284,0.08381674493630965,3266.3999999999996,New / Low-Engaged,Normal,Low Priority
CUST-00285,0.7693543362832812,7004.280000000001,Budget Users,Normal,Critical / High Priority
CUST-00286,0.414002279795244,6946.5599999999995,Budget Users,Normal,Low Priority
CUST-00287,0.13426838033904764,7064.16,Loyal High-Value,Normal,Low Priority
CUST-00288,0.7459839235816441,6199.4400000000005,Budget Users,Normal,Critical / High Priority
CUST-00289,0.3659299248070468,6652.32,Loyal High-Value,Normal,Low Priority
CUST-00290,0.5608669531801278,5143.200000000001,New / Low-Engaged,Normal,Medium Priority
CUST-00291,0.2664704985963027,6724.799999999999,Budget Users,Normal,Low Priority
CUST-00292,0.14239982426175507,7974.24,Budget Users,Normal,Low Priority
CUST-00293,0.43472897660717325,4067.88,New / Low-Engaged,Normal,Low Priority
CUST-00294,0.7754312077306432,5401.68,Loyal High-Value,Normal,Critical / High Priority
CUST-00295,0.932584928639623,7436.280000000001,Loyal High-Value,Normal,Critical / High Priority
CUST-00296,0.8747647301422943,6589.92,At-Risk,Normal,Critical / High Priority
CUST-00297,0.8537268104479265,5700.24,Loyal High-Value,Normal,Critical / High Priority
CUST-00298,0.9251607806265221,7060.68,Budget Users,Normal,Critical / High Priority
CUST-00299,0.30398367044792335,7678.32,Budget Users,Normal,Low Priority
CUST-00300,0.5770926965657567,5926.08,Loyal High-Value,Normal,Medium Priority
CUST-00301,0.4611306259026725,5403.36,Loyal High-Value,Normal,Low Priority
CUST-00302,0.6665667076906463,5304.72,Budget Users,Normal,Critical / High Priority
CUST-00303,0.7893030537202623,6696.48,Budget Users,Normal,Critical / High Priority
CUST-00304,0.3815943430444256,5475.12,Loyal High-Value,Normal,Low Priority
CUST-00305,0.32593564737013464,6780.48,Loyal High-Value,Normal,Low Priority
CUST-00306,0.26072760220672686,8096.039999999999,Budget Users,Normal,Low Priority
CUST-00307,0.825266297298009,6881.16,Budget Users,Normal,Critical / High Priority
CUST-00308,0.4980079231442588,6113.76,Budget Users,Normal,Low Priority
CUST-00309,0.8066564581148191,5428.08,Loyal High-Value,Normal,Critical / High Priority
CUST-00310,0.42708955261151266,4135.799999999999,New / Low-Engaged,Normal,Low Priority
CUST-00311,0.7588038451850583,7229.88,Loyal High-Value,Normal,Critical / High Priority
CUST-00312,0.09144487224179551,3598.7999999999997,New / Low-Engaged,Normal,Low Priority
CUST-00313,0.05573818226207296,4526.5199999999995,New / Low-Engaged,Normal,Low Priority
CUST-00314,0.9394305527320181,4970.16,Loyal High-Value,Normal,Medium Priority
CUST-00315,0.8961134673648301,5842.4400000000005,Budget Users,Normal,Critical / High Priority
CUST-00316,0.32745340172810383,7370.88,Budget Users,Normal,Low Priority
CUST-00317,0.1596983990153541,5876.64,At-Risk,Normal,Low Priority
CUST-00318,0.2538708877518316,6446.76,At-Risk,Normal,Low Priority
CUST-00319,0.12661994324312226,6945.0,Budget Users,Normal,Low Priority
CUST-00320,0.16937230472227655,5859.12,Loyal High-Value,Normal,Low Priority
CUST-00321,0.4857484178524348,5898.4800000000005,Loyal High-Value,Normal,Low Priority
CUST-00322,0.49341330095492214,5146.200000000001,Loyal High-Value,Normal,Low Priority
CUST-00323,0.8120993904526926,7105.5599999999995,Budget Users,Normal,Critical / High Priority
CUST-00324,0.3298987921240885,9563.64,Budget Users,Anomaly,Low Priority
CUST-00325,0.682375487031324,5044.799999999999,New / Low-Engaged,Normal,Critical / High Priority
CUST-00326,0.20610308280324735,4789.08,New / Low-Engaged,Normal,Low Priority
CUST-00327,0.8858942693410086,3614.04,New / Low-Engaged,Normal,Medium Priority
CUST-00328,0.7116169703622939,8693.039999999999,Loyal High-Value,Normal,Critical / High Priority
CUST-00329,0.17490584558090994,6695.400000000001,At-Risk,Normal,Low Priority
CUST-00330,0.3079475075156375,8960.039999999999,Budget Users,Normal,Low Priority
CUST-00331,0.7629825484723606,5652.12,Loyal High-Value,Normal,Critical / High Priority
CUST-00332,0.7787569303531431,8242.32,Budget Users,Normal,Critical / High Priority
CUST-00333,0.18488178032881097,5625.6,At-Risk,Normal,Low Priority
CUST-00334,0.08622668638401024,6099.84,Budget Users,Normal,Low Priority
CUST-00335,0.19323967105337342,4105.08,New / Low-Engaged,Normal,Low Priority
CUST-00336,0.448681275094337,5626.5599999999995,Budget Users,Normal,Low Priority
CUST-00337,0.3974392404944494,4413.24,New / Low-Engaged,Normal,Low Priority
CUST-00338,0.8666671231091387,4385.04,New / Low-Engaged,Normal,Medium Priority
CUST-00339,0.12875810293590118,4866.72,New / Low-Engaged,Normal,Low Priority
CUST-00340,0.6532728487445322,7912.4400000000005,Budget Users,Normal,Critical / High Priority
CUST-00341,0.940245457392182,5539.68,Loyal High-Value,Normal,Critical / High Priority
CUST-00342,0.3932357441205875,3138.6000000000004,Loyal High-Value,Anomaly,Low Priority
CUST-00343,0.44098131145595243,4453.92,At-Risk,Normal,Low Priority
CUST-00344,0.632604514164973,5661.96,At-Risk,Normal,Critical / High Priority
CUST-00345,0.45156573998640764,4145.4,New / Low-Engaged,Normal,Low Priority
CUST-00346,0.32614952331498437,7785.960000000001,Budget Users,Normal,Low Priority
CUST-00347,0.890095665331027,4254.6,New / Low-Engaged,Normal,Medium Priority
CUST-00348,0.5994386157896638,7371.719999999999,Loyal High-Value,Normal,Medium Priority
CUST-00349,0.8452582565253149,6242.76,Budget Users,Normal,Critical / High Priority
CUST-00350,0.5180613111170798,5674.08,New / Low-Engaged,Normal,Medium Priority
CUST-00351,0.8412308452676976,6531.0,Budget Users,Normal,Critical / High Priority
CUST-00352,0.14023475275261144,4290.4800000000005,New / Low-Engaged,Normal,Low Priority
CUST-00353,0.33099375590205615,4007.2799999999997,New / Low-Engaged,Normal,Low Priority
CUST-00354,0.6340428318201566,7170.0,Budget Users,Normal,Critical / High Priority
CUST-00355,0.5144448692057909,3270.24,New / Low-Engaged,Normal,Medium Priority
CUST-00356,0.41986261398518954,6097.32,New / Low-Engaged,Normal,Low Priority
CUST-00357,0.5840223863778344,5887.92,Budget Users,Normal,Medium Priority
CUST-00358,0.408931250917676,5775.4800000000005,Loyal High-Value,Normal,Low Priority
CUST-00359,0.2392117093768527,6865.08,Loyal High-Value,Normal,Low Priority
CUST-00360,0.05101587141353209,4518.6,New / Low-Engaged,Normal,Low Priority
CUST-00361,0.13459176382026544,7462.200000000001,Budget Users,Normal,Low Priority
CUST-00362,0.3391201212006765,5604.96,Budget Users,Normal,Low Priority
CUST-00363,0.29952009551796266,7051.68,Loyal High-Value,Normal,Low Priority
CUST-00364,0.5937980230857498,5647.5599999999995,At-Risk,Normal,Medium Priority
CUST-00365,0.24745625095066004,8013.12,Budget Users,Normal,Low Priority
CUST-00366,0.0893080279925319,6151.799999999999,Budget Users,Normal,Low Priority
CUST-00367,0.28406345200309335,6110.04,Budget Users,Normal,Low Priority
CUST-00368,0.286700788246639,7536.24,Budget Users,Normal,Low Priority
CUST-00369,0.7558552143280903,4675.200000000001,New / Low-Engaged,Normal,Medium Priority
CUST-00370,0.1128813639472637,7303.799999999999,Budget Users,Normal,Low Priority
CUST-00371,0.10542101591691475,7072.08,Loyal High-Value,Normal,Low Priority
CUST-00372,0.5733708398993814,5510.4,New / Low-Engaged,Normal,Medium Priority
CUST-00373,0.3358547703149076,4982.76,New / Low-Engaged,Normal,Low Priority
CUST-00374,0.21828364727292077,3622.92,New / Low-Engaged,Normal,Low Priority
CUST-00375,0.8031437984478158,3302.16,New / Low-Engaged,Normal,Medium Priority
CUST-00376,0.13366299810440713,8908.32,Budget Users,Anomaly,Low Priority
CUST-00377,0.5405467687976729,4045.92,New / Low-Engaged,Normal,Medium Priority
CUST-00378,0.32312166331817627,6403.799999999999,Budget Users,Normal,Low Priority
CUST-00379,0.517839415424632,3053.2799999999997,New / Low-Engaged,Normal,Medium Priority
CUST-00380,0.4582157149869759,3506.88,At-Risk,Normal,Low Priority
CUST-00381,0.9029256879047665,5741.04,New / Low-Engaged,Normal,Critical / High Priority
CUST-00382,0.7568275939045135,7779.84,At-Risk,Normal,Critical / High Priority
CUST-00383,0.3960784132322561,4804.4400000000005,New / Low-Engaged,Normal,Low Priority
CUST-00384,0.26716913381583707,5442.6,Loyal High-Value,Normal,Low Priority
CUST-00385,0.06513333579355278,7031.52,Loyal High-Value,Normal,Low Priority
CUST-00386,0.3899643403425136,6289.32,Budget Users,Normal,Low Priority
CUST-00387,0.42814632564211674,4025.5199999999995,New / Low-Engaged,Normal,Low Priority
CUST-00388,0.28131714946050196,5587.4400000000005,At-Risk,Normal,Low Priority
CUST-00389,0.11999911917965629,7755.599999999999,Budget Users,Normal,Low Priority
CUST-00390,0.9133213327223955,9012.119999999999,Budget Users,Normal,Critical / High Priority
CUST-00391,0.3612413373464285,3899.04,New / Low-Engaged,Normal,Low Priority
CUST-00392,0.42186515513823525,5847.84,At-Risk,Normal,Low Priority
CUST-00393,0.8258144821309588,8554.8,Budget Users,Normal,Critical / High Priority
CUST-00394,0.5256328138406697,4693.68,At-Risk,Normal,Medium Priority
CUST-00395,0.10504742203925796,4540.32,At-Risk,Normal,Low Priority
CUST-00396,0.26056273910325634,5896.08,Loyal High-Value,Normal,Low Priority
CUST-00397,0.5959737672295699,3309.4800000000005,New / Low-Engaged,Normal,Medium Priority
CUST-00398,0.4784509010658545,7754.280000000001,Budget Users,Normal,Low Priority
CUST-00399,0.6918647389083108,7659.0,Loyal High-Value,Normal,Critical / High Priority
CUST-00400,0.16215720115556703,3094.44,New / Low-Engaged,Anomaly,Low Priority
CUST-00401,0.5338577829826219,6211.5599999999995,Budget Users,Normal,Medium Priority
CUST-00402,0.7430970969030792,5485.4400000000005,Loyal High-Value,Normal,Critical / High Priority
CUST-00403,0.9189529278102624,5763.36,New / Low-Engaged,Normal,Critical / High Priority
CUST-00404,0.7167231932582024,6404.52,Budget Users,Normal,Critical / High Priority
CUST-00405,0.3670717432984431,7696.799999999999,Budget Users,Normal,Low Priority
CUST-00406,0.4099191770136559,6475.799999999999,Budget Users,Normal,Low Priority
CUST-00407,0.9084798471232519,6816.36,Budget Users,Normal,Critical / High Priority
CUST-00408,0.3650477097969232,4495.32,New / Low-Engaged,Normal,Low Priority
CUST-00409,0.25056992183571186,9474.48,Budget Users,Normal,Low Priority
CUST-00410,0.07288986293336144,5636.28,New / Low-Engaged,Normal,Low Priority
CUST-00411,0.24035954934276765,4425.6,New / Low-Engaged,Normal,Low Priority
CUST-00412,0.2694433562870112,6422.52,Budget Users,Normal,Low Priority
CUST-00413,0.678497862550798,3762.12,New / Low-Engaged,Normal,Medium Priority
CUST-00414,0.3809685052983115,3689.04,New / Low-Engaged,Normal,Low Priority
CUST-00415,0.7677809819780448,5073.12,New / Low-Engaged,Normal,Critical / High Priority
CUST-00416,0.7281892537815056,4629.6,At-Risk,Normal,Medium Priority
CUST-00417,0.4669688813011959,4853.64,Loyal High-Value,Normal,Low Priority
CUST-00418,0.3212793445038758,8615.52,Budget Users,Normal,Low Priority
CUST-00419,0.47388851128590564,2485.68,New / Low-Engaged,Normal,Low Priority
CUST-00420,0.7947363486413482,8246.76,Budget Users,Normal,Critical / High Priority
CUST-00421,0.9000354355893466,5446.92,Loyal High-Value,Normal,Critical / High Priority
CUST-00422,0.3441872212412153,8138.16,Budget Users,Normal,Low Priority
CUST-00423,0.9296839834170122,3699.96,New / Low-Engaged,Normal,Medium Priority
CUST-00424,0.3135059840231478,6518.400000000001,At-Risk,Normal,Low Priority
CUST-00425,0.39501799247546426,2003.6399999999999,New / Low-Engaged,Normal,Low Priority
CUST-00426,0.19109674586423747,5408.4,New / Low-Engaged,Normal,Low Priority
CUST-00427,0.6148248441048165,6257.76,Budget Users,Normal,Critical / High Priority
CUST-00428,0.10666015131158965,5458.08,New / Low-Engaged,Normal,Low Priority
CUST-00429,0.21769818262836804,7270.08,Budget Users,Normal,Low Priority
CUST-00430,0.08885698218157982,7471.200000000001,Budget Users,Normal,Low Priority
CUST-00431,0.7719318449881903,2108.7599999999998,New / Low-Engaged,Anomaly,Medium Priority
CUST-00432,0.09010621056242105,6137.28,Budget Users,Normal,Low Priority
CUST-00433,0.2679242219122878,6893.16,Loyal High-Value,Normal,Low Priority
CUST-00434,0.69314362873735,4528.92,At-Risk,Normal,Medium Priority
CUST-00435,0.1588039268902581,9989.76,Budget Users,Anomaly,Low Priority
CUST-00436,0.17901119327461706,7624.5599999999995,Budget Users,Normal,Low Priority
CUST-00437,0.5249490497830808,5733.6,New / Low-Engaged,Normal,Medium Priority
CUST-00438,0.22164869596671116,4233.6,New / Low-Engaged,Normal,Low Priority
CUST-00439,0.19935188927290254,4556.64,New / Low-Engaged,Normal,Low Priority
CUST-00440,0.3672852290343845,5184.6,New / Low-Engaged,Normal,Low Priority
CUST-00441,0.2845641594638681,5560.92,Budget Users,Normal,Low Priority
CUST-00442,0.5367837677316383,4997.16,New / Low-Engaged,Normal,Medium Priority
CUST-00443,0.9416997360467576,4688.16,New / Low-Engaged,Normal,Medium Priority
CUST-00444,0.6680864297035072,5945.5199999999995,Budget Users,Normal,Critical / High Priority
CUST-00445,0.11714388676207618,7650.12,Budget Users,Normal,Low Priority
CUST-00446,0.7564501149297893,6777.24,Budget Users,Normal,Critical / High Priority
CUST-00447,0.34976352143138273,4375.68,New / Low-Engaged,Normal,Low Priority
CUST-00448,0.20888211204307638,5075.28,New / Low-Engaged,Normal,Low Priority
CUST-00449,0.15700382221603593,4619.76,New / Low-Engaged,Normal,Low Priority
CUST-00450,0.587699843909643,5050.799999999999,New / Low-Engaged,Normal,Medium Priority
CUST-00451,0.6585592905752938,5356.32,Loyal High-Value,Normal,Critical / High Priority
CUST-00452,0.8307593896820444,7813.32,Budget Users,Normal,Critical / High Priority
CUST-00453,0.524932823635001,6021.36,Budget Users,Normal,Medium Priority
CUST-00454,0.8371949721621134,5285.04,New / Low-Engaged,Normal,Critical / High Priority
CUST-00455,0.7479133075119329,6411.0,Budget Users,Normal,Critical / High Priority
CUST-00456,0.09364572856761588,5502.12,New / Low-Engaged,Anomaly,Low Priority
CUST-00457,0.5502877728710613,4359.4800000000005,New / Low-Engaged,Normal,Medium Priority
CUST-00458,0.1614622533522984,6378.24,Budget Users,Normal,Low Priority
CUST-00459,0.11436175879584523,3934.08,New / Low-Engaged,Normal,Low Priority
CUST-00460,0.3359649663720053,7711.68,At-Risk,Normal,Low Priority
CUST-00461,0.7693847149044964,3910.08,New / Low-Engaged,Anomaly,Medium Priority
CUST-00462,0.9454939189171262,4340.04,At-Risk,Normal,Medium Priority
CUST-00463,0.34000421572722656,6179.16,Budget Users,Normal,Low Priority
CUST-00464,0.650663936973967,5128.200000000001,New / Low-Engaged,Normal,Critical / High Priority
CUST-00465,0.5178682412986764,6583.799999999999,Budget Users,Normal,Medium Priority
CUST-00466,0.7572693534646396,7586.52,Budget Users,Normal,Critical / High Priority
CUST-00467,0.05843528809350526,5217.12,New / Low-Engaged,Normal,Low Priority
CUST-00468,0.7279157798278878,2944.68,New / Low-Engaged,Normal,Medium Priority
CUST-00469,0.4829943724784879,6590.039999999999,Budget Users,Normal,Low Priority
CUST-00470,0.38267232067826984,4517.16,New / Low-Engaged,Normal,Low Priority
CUST-00471,0.4478298954665174,6489.48,At-Risk,Normal,Low Priority
CUST-00472,0.06483634804732943,6597.36,Loyal High-Value,Normal,Low Priority
CUST-00473,0.1954803289921721,8189.76,Budget Users,Normal,Low Priority
CUST-00474,0.7061037641211939,5691.36,Budget Users,Normal,Critical / High Priority
CUST-00475,0.5358570712373489,6700.200000000001,At-Risk,Normal,Medium Priority
CUST-00476,0.914134678852871,5905.4400000000005,At-Risk,Normal,Critical / High Priority
CUST-00477,0.3181031723596831,6779.400000000001,Loyal High-Value,Normal,Low Priority
CUST-00478,0.380499954960051,6550.32,Loyal High-Value,Normal,Low Priority
CUST-00479,0.43696266426739744,4591.5599999999995,New / Low-Engaged,Normal,Low Priority
CUST-00480,0.08746572161007353,6849.48,Loyal High-Value,Normal,Low Priority
CUST-00481,0.059001083371186674,6136.4400000000005,New / Low-Engaged,Normal,Low Priority
CUST-00482,0.41764041095195514,5940.4800000000005,Budget Users,Normal,Low Priority
CUST-00483,0.1308048078902327,5827.32,Budget Users,Normal,Low Priority
CUST-00484,0.21452028731099765,4215.24,Loyal High-Value,Normal,Low Priority
CUST-00485,0.14058971398752604,5971.68,At-Risk,Normal,Low Priority
CUST-00486,0.18503451818437067,8482.68,Budget Users,Normal,Low Priority
CUST-00487,0.616258161537061,5280.24,Loyal High-Value,Anomaly,Critical / High Priority
CUST-00488,0.06626963329247852,6439.92,Budget Users,Normal,Low Priority
CUST-00489,0.41715978936866355,7384.08,Loyal High-Value,Normal,Low Priority
CUST-00490,0.8981698610929192,4883.76,At-Risk,Normal,Medium Priority
CUST-00491,0.32837552438996936,6225.12,At-Risk,Normal,Low Priority
CUST-00492,0.13615175864552714,4580.04,At-Risk,Normal,Low Priority
CUST-00493,0.7692658879831542,3879.96,New / Low-Engaged,Normal,Medium Priority
CUST-00494,0.579382147560461,5396.04,Loyal High-Value,Normal,Medium Priority
CUST-00495,0.11735663916241841,6391.92,Loyal High-Value,Normal,Low Priority
CUST-00496,0.3726437549103156,5427.4800000000005,Loyal High-Value,Normal,Low Priority
CUST-00497,0.13571097094034928,4708.4400000000005,At-Risk,Normal,Low Priority
CUST-00498,0.7678280239445877,7214.64,Loyal High-Value,Normal,Critical / High Priority
CUST-00499,0.7401599152815797,3828.3599999999997,New / Low-Engaged,Normal,Medium Priority
CUST-00500,0.6882614176808852,3982.2000000000003,At-Risk,Normal,Medium Priority
CUST-00501,0.2913823317366777,6668.16,Budget Users,Normal,Low Priority
CUST-00502,0.2665534444614189,5754.36,Loyal High-Value,Normal,Low Priority
CUST-00503,0.6365166786455038,3465.7200000000003,Loyal High-Value,Normal,Medium Priority
CUST-00504,0.8018908103916303,6122.4,Budget Users,Normal,Critical / High Priority
CUST-00505,0.5421472273770385,5389.08,Loyal High-Value,Normal,Medium Priority
CUST-00506,0.5440848413682271,3822.4800000000005,New / Low-Engaged,Normal,Medium Priority
CUST-00507,0.8540456679537758,5813.04,At-Risk,Normal,Critical / High Priority
CUST-00508,0.3367029225701284,5133.12,Loyal High-Value,Normal,Low Priority
CUST-00509,0.7949106585290922,5817.72,Loyal High-Value,Normal,Critical / High Priority
CUST-00510,0.6273034256841475,6788.88,Budget Users,Normal,Critical / High Priority
CUST-00511,0.6082713427974654,6721.68,Budget Users,Normal,Critical / High Priority
CUST-00512,0.507568928157256,3925.7999999999997,New / Low-Engaged,Normal,Medium Priority
CUST-00513,0.5659392218990171,5148.0,New / Low-Engaged,Normal,Medium Priority
CUST-00514,0.7878483047609195,4803.6,At-Risk,Normal,Medium Priority
CUST-00515,0.34860457422680696,3633.4800000000005,New / Low-Engaged,Normal,Low Priority
CUST-00516,0.8686467569481631,4729.4400000000005,At-Risk,Normal,Medium Priority
CUST-00517,0.784208977760367,3672.84,New / Low-Engaged,Normal,Medium Priority
CUST-00518,0.39675061128787514,7212.960000000001,Budget Users,Normal,Low Priority
CUST-00519,0.923153870827041,3610.92,New / Low-Engaged,Normal,Medium Priority
CUST-00520,0.6634798756173242,6158.400000000001,Budget Users,Normal,Critical / High Priority
CUST-00521,0.15288773815483264,4645.68,New / Low-Engaged,Normal,Low Priority
CUST-00522,0.5593613841477347,8502.119999999999,Loyal High-Value,Normal,Medium Priority
CUST-00523,0.90359780782822,7073.88,Budget Users,Normal,Critical / High Priority
CUST-00524,0.6246117682963195,7020.48,Budget Users,Normal,Critical / High Priority
CUST-00525,0.6437077345941321,6305.16,New / Low-Engaged,Normal,Critical / High Priority
CUST-00526,0.8907464805648934,7205.280000000001,Budget Users,Normal,Critical / High Priority
CUST-00527,0.28255146788580926,5703.72,New / Low-Engaged,Normal,Low Priority
CUST-00528,0.904312000501732,6669.24,Budget Users,Normal,Critical / High Priority
CUST-00529,0.7190270261973514,5485.08,Budget Users,Normal,Critical / High Priority
CUST-00530,0.48365961994276635,4783.32,New / Low-Engaged,Normal,Low Priority
CUST-00531,0.32418893218271766,4996.200000000001,New / Low-Engaged,Anomaly,Low Priority
CUST-00532,0.2124598866352903,5927.88,Budget Users,Normal,Low Priority
CUST-00533,0.3304757108029417,7079.16,At-Risk,Normal,Low Priority
CUST-00534,0.6962625426170836,5839.68,Budget Users,Normal,Critical / High Priority
CUST-00535,0.6448588456038798,5274.72,At-Risk,Normal,Critical / High Priority
CUST-00536,0.7647246224253774,7294.799999999999,Budget Users,Normal,Critical / High Priority
CUST-00537,0.9428111665346801,4196.76,New / Low-Engaged,Normal,Medium Priority
CUST-00538,0.5974617867389881,4732.92,New / Low-Engaged,Normal,Medium Priority
CUST-00539,0.6045991755540361,3874.56,New / Low-Engaged,Normal,Medium Priority
CUST-00540,0.6286739262788922,4127.5199999999995,New / Low-Engaged,Normal,Medium Priority
CUST-00541,0.7130260880955946,7576.32,Loyal High-Value,Normal,Critical / High Priority
CUST-00542,0.45031719641701956,6748.68,Budget Users,Normal,Low Priority
CUST-00543,0.07641300399816298,8302.56,Budget Users,Normal,Low Priority
CUST-00544,0.6421459950151139,6255.0,Loyal High-Value,Normal,Critical / High Priority
CUST-00545,0.7094506482371798,5840.28,Budget Users,Normal,Critical / High Priority
CUST-00546,0.6141868383617246,6094.5599999999995,Budget Users,Normal,Critical / High Priority
CUST-00547,0.3853331379982034,6615.599999999999,Loyal High-Value,Normal,Low Priority
CUST-00548,0.1810405739433406,9022.8,Budget Users,Normal,Low Priority
CUST-00549,0.8083977334728447,6203.52,Budget Users,Normal,Critical / High Priority
CUST-00550,0.21456808484506346,6510.84,Budget Users,Normal,Low Priority
CUST-00551,0.4152002674496351,5957.4,At-Risk,Normal,Low Priority
CUST-00552,0.7080831831375503,5655.0,At-Risk,Normal,Critical / High Priority
CUST-00553,0.08663235913164669,6708.719999999999,Budget Users,Normal,Low Priority
CUST-00554,0.7665761906707179,6292.32,New / Low-Engaged,Normal,Critical / High Priority
CUST-00555,0.8422546211148408,8764.8,Budget Users,Normal,Critical / High Priority
CUST-00556,0.3979907357221664,4520.28,New / Low-Engaged,Normal,Low Priority
CUST-00557,0.4558391382319726,5977.5599999999995,New / Low-Engaged,Normal,Low Priority
CUST-00558,0.1411756857679578,5213.5199999999995,New / Low-Engaged,Normal,Low Priority
CUST-00559,0.4913419421619398,4925.88,New / Low-Engaged,Normal,Low Priority
CUST-00560,0.18074714429243705,4655.4,Loyal High-Value,Normal,Low Priority
CUST-00561,0.42524013217624307,5211.4800000000005,New / Low-Engaged,Normal,Low Priority
CUST-00562,0.7553671389508863,7524.960000000001,Budget Users,Normal,Critical / High Priority
CUST-00563,0.49695617818369997,7847.039999999999,Budget Users,Normal,Low Priority
CUST-00564,0.4435426204008125,4967.16,New / Low-Engaged,Normal,Low Priority
CUST-00565,0.05707146639380464,5348.76,Loyal High-Value,Normal,Low Priority
CUST-00566,0.4987045135370443,7364.16,Budget Users,Normal,Low Priority
CUST-00567,0.2967337680117448,6930.0,Loyal High-Value,Normal,Low Priority
CUST-00568,0.37022543976478656,9490.68,Loyal High-Value,Normal,Low Priority
CUST-00569,0.4353129896532831,6278.52,Budget Users,Normal,Low Priority
CUST-00570,0.6392890756954185,8461.8,Loyal High-Value,Anomaly,Critical / High Priority
CUST-00571,0.660354930173028,8551.56,Budget Users,Normal,Critical / High Priority
CUST-00572,0.4756990164220198,2986.56,New / Low-Engaged,Normal,Low Priority
CUST-00573,0.4938349530415396,7384.08,Loyal High-Value,Normal,Low Priority
CUST-00574,0.6973640091264058,7635.599999999999,Budget Users,Normal,Critical / High Priority
CUST-00575,0.08533667890387109,3469.56,New / Low-Engaged,Normal,Low Priority
CUST-00576,0.6196391938529681,6923.280000000001,Loyal High-Value,Normal,Critical / High Priority
CUST-00577,0.7278558043509528,6584.88,Loyal High-Value,Normal,Critical / High Priority
CUST-00578,0.37377022586841113,6518.16,Budget Users,Normal,Low Priority
CUST-00579,0.6801276950052468,6311.039999999999,Budget Users,Normal,Critical / High Priority
CUST-00580,0.16044631112744423,5739.4800000000005,New / Low-Engaged,Normal,Low Priority
CUST-00581,0.0955042770150952,2526.0,New / Low-Engaged,Normal,Low Priority
CUST-00582,0.4747642933370165,7396.08,At-Risk,Normal,Low Priority
CUST-00583,0.2169475482414212,8200.68,Budget Users,Normal,Low Priority
CUST-00584,0.5581474006565303,4447.799999999999,New / Low-Engaged,Normal,Medium Priority
CUST-00585,0.7744053669268374,6069.36,Loyal High-Value,Normal,Critical / High Priority
CUST-00586,0.11368365229601864,5276.88,New / Low-Engaged,Normal,Low Priority
CUST-00587,0.44473914839911655,4642.799999999999,New / Low-Engaged,Normal,Low Priority
CUST-00588,0.8118933532360958,5252.16,New / Low-Engaged,Normal,Critical / High Priority
CUST-00589,0.8660901264522117,7316.64,At-Risk,Normal,Critical / High Priority
CUST-00590,0.1834733829697568,6712.200000000001,Budget Users,Normal,Low Priority
CUST-00591,0.1998434742595832,7971.0,Budget Users,Normal,Low Priority
CUST-00592,0.5300649341630398,4238.4,At-Risk,Anomaly,Medium Priority
CUST-00593,0.7060750565204692,3875.88,New / Low-Engaged,Normal,Medium Priority
CUST-00594,0.2609848532226354,5142.6,At-Risk,Normal,Low Priority
CUST-00595,0.735613232953107,5678.5199999999995,Loyal High-Value,Normal,Critical / High Priority
CUST-00596,0.27729917995351194,5426.4,At-Risk,Normal,Low Priority
CUST-00597,0.8824483278421152,5129.88,New / Low-Engaged,Normal,Critical / High Priority
CUST-00598,0.5300277540686567,4883.04,New / Low-Engaged,Normal,Medium Priority
CUST-00599,0.9408714157344752,4549.5599999999995,New / Low-Engaged,Normal,Medium Priority
CUST-00600,0.49480456173068665,5878.92,At-Risk,Normal,Low Priority
CUST-00601,0.18361789541743734,7251.12,Budget Users,Normal,Low Priority
CUST-00602,0.755713161242744,7665.48,Budget Users,Normal,Critical / High Priority
CUST-00603,0.6208179567211692,5528.4,Loyal High-Value,Normal,Critical / High Priority
CUST-00604,0.26807901375626714,7723.68,Budget Users,Normal,Low Priority
CUST-00605,0.885372073012956,5315.88,At-Risk,Normal,Critical / High Priority
CUST-00606,0.8047052672522154,7158.960000000001,Budget Users,Normal,Critical / High Priority
CUST-00607,0.8203666026535967,3395.76,New / Low-Engaged,Normal,Medium Priority
CUST-00608,0.2423837131844785,6284.280000000001,Loyal High-Value,Normal,Low Priority
CUST-00609,0.6480458542409929,9298.2,At-Risk,Anomaly,Critical / High Priority
CUST-00610,0.37744704111787547,4135.200000000001,New / Low-Engaged,Normal,Low Priority
CUST-00611,0.7957244521847759,7942.200000000001,Budget Users,Normal,Critical / High Priority
CUST-00612,0.6305558432162947,3934.92,New / Low-Engaged,Normal,Medium Priority
CUST-00613,0.6834722098251951,6893.76,Budget Users,Normal,Critical / High Priority
CUST-00614,0.2316408455547636,4485.6,New / Low-Engaged,Normal,Low Priority
CUST-00615,0.3016771904228217,6793.200000000001,Budget Users,Normal,Low Priority
CUST-00616,0.2221668808398079,7300.32,Budget Users,Normal,Low Priority
CUST-00617,0.6478913484851797,6316.92,Budget Users,Normal,Critical / High Priority
CUST-00618,0.9070258562302344,5509.4400000000005,New / Low-Engaged,Normal,Critical / High Priority
CUST-00619,0.34047452684240154,7996.08,At-Risk,Anomaly,Low Priority
CUST-00620,0.5268272076408682,5871.6,New / Low-Engaged,Normal,Medium Priority
CUST-00621,0.5342299718688336,5170.5599999999995,Budget Users,Normal,Medium Priority
CUST-00622,0.4160576898404844,5785.200000000001,Budget Users,Normal,Low Priority
CUST-00623,0.5842214837280569,7787.88,Budget Users,Normal,Medium Priority
CUST-00624,0.4735776808507713,4993.08,At-Risk,Normal,Low Priority
CUST-00625,0.21668489833339172,5327.76,Loyal High-Value,Normal,Low Priority
CUST-00626,0.8285902404862572,5703.6,New / Low-Engaged,Normal,Critical / High Priority
CUST-00627,0.7315087395839325,4055.04,New / Low-Engaged,Normal,Medium Priority
CUST-00628,0.7297726854994092,7636.68,Budget Users,Normal,Critical / High Priority
CUST-00629,0.9108424384250247,4862.16,New / Low-Engaged,Normal,Medium Priority
CUST-00630,0.22987904103246326,5138.28,At-Risk,Normal,Low Priority
CUST-00631,0.5870899910601554,8028.84,Budget Users,Normal,Medium Priority
CUST-00632,0.46516372801697664,9186.36,Budget Users,Normal,Low Priority
CUST-00633,0.8310169153266247,6945.12,Budget Users,Normal,Critical / High Priority
CUST-00634,0.7934158815370627,5436.84,Loyal High-Value,Normal,Critical / High Priority
CUST-00635,0.7039821901627218,8167.4400000000005,Budget Users,Normal,Critical / High Priority
CUST-00636,0.83751976590392,5890.4400000000005,Loyal High-Value,Normal,Critical / High Priority
CUST-00637,0.11789463070690115,4182.0,New / Low-Engaged,Normal,Low Priority
CUST-00638,0.06959760943964663,4238.88,New / Low-Engaged,Normal,Low Priority
CUST-00639,0.7270329569419847,4966.92,New / Low-Engaged,Normal,Medium Priority
CUST-00640,0.40252046719605905,5125.4400000000005,New / Low-Engaged,Normal,Low Priority
CUST-00641,0.8226822569355873,4710.72,Loyal High-Value,Normal,Medium Priority
CUST-00642,0.3113509007009662,4601.16,New / Low-Engaged,Normal,Low Priority
CUST-00643,0.35402531482159316,4869.96,Loyal High-Value,Normal,Low Priority
CUST-00644,0.1207855477339208,4046.16,New / Low-Engaged,Normal,Low Priority
CUST-00645,0.27687297972751385,7084.68,Budget Users,Normal,Low Priority
CUST-00646,0.8554138598022423,5608.200000000001,New / Low-Engaged,Normal,Critical / High Priority
CUST-00647,0.6138668644346044,5604.12,Budget Users,Normal,Critical / High Priority
CUST-00648,0.915404005946132,5209.92,New / Low-Engaged,Normal,Critical / High Priority
CUST-00649,0.5484076494620774,5125.08,New / Low-Engaged,Normal,Medium Priority
CUST-00650,0.7644412005453814,4727.5199999999995,New / Low-Engaged,Normal,Medium Priority
CUST-00651,0.07495206474429222,5007.24,New / Low-Engaged,Normal,Low Priority
CUST-00652,0.7865771483866156,4251.12,At-Risk,Normal,Medium Priority
CUST-00653,0.518004186611603,5662.200000000001,Loyal High-Value,Normal,Medium Priority
CUST-00654,0.6112404458062396,5726.16,At-Risk,Normal,Critical / High Priority
CUST-00655,0.12849715886815619,7049.280000000001,Loyal High-Value,Normal,Low Priority
CUST-00656,0.6478489292893705,1708.8000000000002,New / Low-Engaged,Normal,Medium Priority
CUST-00657,0.38682535892854614,5976.0,Budget Users,Normal,Low Priority
CUST-00658,0.7001010505766487,4992.96,New / Low-Engaged,Normal,Medium Priority
CUST-00659,0.8119534156980683,5510.28,Budget Users,Normal,Critical / High Priority
CUST-00660,0.21990944419947678,6443.400000000001,Loyal High-Value,Normal,Low Priority
CUST-00661,0.5780521587668547,4269.36,New / Low-Engaged,Normal,Medium Priority
CUST-00662,0.16415211945670705,6082.200000000001,At-Risk,Normal,Low Priority
CUST-00663,0.6090731567104565,7995.36,Budget Users,Normal,Critical / High Priority
CUST-00664,0.4112656487956967,7821.48,Loyal High-Value,Normal,Low Priority
CUST-00665,0.6474797510073925,5067.36,New / Low-Engaged,Normal,Critical / High Priority
CUST-00666,0.13563907839788347,4179.4800000000005,New / Low-Engaged,Normal,Low Priority
CUST-00667,0.28337671414709925,6024.24,New / Low-Engaged,Normal,Low Priority
CUST-00668,0.42516168981473423,6570.12,Loyal High-Value,Normal,Low Priority
CUST-00669,0.5884633809177462,5830.08,New / Low-Engaged,Normal,Medium Priority
CUST-00670,0.7479833408136258,3936.0,New / Low-Engaged,Normal,Medium Priority
CUST-00671,0.9138256273710891,6186.84,Budget Users,Normal,Critical / High Priority
CUST-00672,0.8016182510844785,4088.6400000000003,Loyal High-Value,Normal,Medium Priority
CUST-00673,0.39553887827431383,5353.92,At-Risk,Normal,Low Priority
CUST-00674,0.9088827582449484,6556.4400000000005,Budget Users,Normal,Critical / High Priority
CUST-00675,0.7053128769227794,5357.04,At-Risk,Normal,Critical / High Priority
CUST-00676,0.9348995831725703,8517.599999999999,Budget Users,Normal,Critical / High Priority
CUST-00677,0.34503317661836763,5305.799999999999,New / Low-Engaged,Normal,Low Priority
CUST-00678,0.13775378502546817,7411.92,Budget Users,Normal,Low Priority
CUST-00679,0.33524914004977135,8635.08,Budget Users,Normal,Low Priority
CUST-00680,0.941527429430166,6436.200000000001,New / Low-Engaged,Normal,Critical / High Priority
CUST-00681,0.2538109420031063,8024.52,Budget Users,Normal,Low Priority
CUST-00682,0.734292114959485,6510.599999999999,Budget Users,Normal,Critical / High Priority
CUST-00683,0.39147236285126213,3744.3599999999997,New / Low-Engaged,Normal,Low Priority
CUST-00684,0.34026882768562894,6291.719999999999,Budget Users,Normal,Low Priority
CUST-00685,0.5896284773114668,6601.799999999999,At-Risk,Normal,Medium Priority
CUST-00686,0.57865353651403,5259.6,Loyal High-Value,Normal,Medium Priority
CUST-00687,0.5352836230505272,3834.24,New / Low-Engaged,Normal,Medium Priority
CUST-00688,0.6505086448927128,6559.08,Budget Users,Normal,Critical / High Priority
CUST-00689,0.8537423561469756,3830.76,At-Risk,Normal,Medium Priority
CUST-00690,0.5854054928030108,5365.08,New / Low-Engaged,Normal,Medium Priority
CUST-00691,0.20334350142482122,5913.24,New / Low-Engaged,Normal,Low Priority
CUST-00692,0.10846666292843248,5916.6,Budget Users,Normal,Low Priority
CUST-00693,0.837480010367476,4666.32,New / Low-Engaged,Normal,Medium Priority
CUST-00694,0.2723612165740905,6910.68,At-Risk,Normal,Low Priority
CUST-00695,0.5624269509428127,4908.4800000000005,New / Low-Engaged,Normal,Medium Priority
CUST-00696,0.48551108245037455,3647.2799999999997,At-Risk,Normal,Low Priority
CUST-00697,0.16605377997283172,4000.7999999999997,New / Low-Engaged,Normal,Low Priority
CUST-00698,0.7795447186555003,6924.960000000001,At-Risk,Normal,Critical / High Priority
CUST-00699,0.590574623908751,5085.6,New / Low-Engaged,Normal,Medium Priority
CUST-00700,0.1946707283716505,6882.48,Budget Users,Normal,Low Priority
CUST-00701,0.6904972012038263,2409.12,New / Low-Engaged,Anomaly,Medium Priority
CUST-00702,0.28037707289278524,5582.64,At-Risk,Normal,Low Priority
CUST-00703,0.3884602295147161,6432.36,Loyal High-Value,Normal,Low Priority
CUST-00704,0.4465093231014951,5347.92,At-Risk,Normal,Low Priority
CUST-00705,0.053035309309634904,3341.16,New / Low-Engaged,Normal,Low Priority
CUST-00706,0.864691052049393,6664.5599999999995,Budget Users,Normal,Critical / High Priority
CUST-00707,0.40170667948975114,5403.84,At-Risk,Normal,Low Priority
CUST-00708,0.30906491201087505,7217.400000000001,Loyal High-Value,Normal,Low Priority
CUST-00709,0.8229194847990661,7286.88,Budget Users,Anomaly,Critical / High Priority
CUST-00710,0.6144821255099328,4736.64,New / Low-Engaged,Normal,Medium Priority
CUST-00711,0.7471645704724404,6917.64,Budget Users,Normal,Critical / High Priority
CUST-00712,0.8389342592704615,4679.04,New / Low-Engaged,Normal,Medium Priority
CUST-00713,0.5328701051547586,5294.16,New / Low-Engaged,Normal,Medium Priority
CUST-00714,0.6006311593460624,3036.36,At-Risk,Normal,Medium Priority
CUST-00715,0.3277367034396105,4793.04,Loyal High-Value,Normal,Low Priority
CUST-00716,0.8499883168094041,5328.36,At-Risk,Normal,Critical / High Priority
CUST-00717,0.8649591169140126,4612.5599999999995,New / Low-Engaged,Normal,Medium Priority
CUST-00718,0.3639002188493022,7272.48,Budget Users,Normal,Low Priority
CUST-00719,0.15404250258001556,5994.6,Loyal High-Value,Normal,Low Priority
CUST-00720,0.6016484544607746,4477.32,New / Low-Engaged,Normal,Medium Priority
CUST-00721,0.389669310919274,5595.96,Loyal High-Value,Normal,Low Priority
CUST-00722,0.5437986653953406,5625.72,At-Risk,Normal,Medium Priority
CUST-00723,0.9151515138671952,8037.0,Loyal High-Value,Normal,Critical / High Priority
CUST-00724,0.7319995999842324,5923.68,Loyal High-Value,Anomaly,Critical / High Priority
CUST-00725,0.9409053661575262,5601.84,Loyal High-Value,Normal,Critical / High Priority
CUST-00726,0.4225179225594068,5900.16,Loyal High-Value,Normal,Low Priority
CUST-00727,0.24473892726965424,6944.16,At-Risk,Normal,Low Priority
CUST-00728,0.34489104398292547,4203.84,New / Low-Engaged,Normal,Low Priority
CUST-00729,0.4222837157036203,3604.44,New / Low-Engaged,Normal,Low Priority
CUST-00730,0.3329030236065234,7916.52,Budget Users,Normal,Low Priority
CUST-00731,0.3495000897851991,4581.24,At-Risk,Normal,Low Priority
CUST-00732,0.12785359044132305,5194.5599999999995,At-Risk,Normal,Low Priority
CUST-00733,0.46448893970373684,6153.48,At-Risk,Normal,Low Priority
CUST-00734,0.4446500730957514,5510.04,At-Risk,Normal,Low Priority
CUST-00735,0.6572430122023873,3446.3999999999996,New / Low-Engaged,Anomaly,Medium Priority
CUST-00736,0.5871780484419268,4327.4400000000005,New / Low-Engaged,Normal,Medium Priority
CUST-00737,0.37059412057729335,5599.5599999999995,Loyal High-Value,Normal,Low Priority
CUST-00738,0.5579659724998901,7645.32,Budget Users,Normal,Medium Priority
CUST-00739,0.35423724195089457,4617.84,At-Risk,Normal,Low Priority
CUST-00740,0.4100468761958943,6802.08,Budget Users,Normal,Low Priority
CUST-00741,0.506010919790294,5688.96,Loyal High-Value,Normal,Medium Priority
CUST-00742,0.6358818798203706,5592.24,New / Low-Engaged,Normal,Critical / High Priority
CUST-00743,0.9423640183788009,6985.68,Budget Users,Normal,Critical / High Priority
CUST-00744,0.7218565728585352,6113.64,Budget Users,Normal,Critical / High Priority
CUST-00745,0.1668361257174092,6495.24,Budget Users,Normal,Low Priority
CUST-00746,0.6702963294155758,4020.24,New / Low-Engaged,Normal,Medium Priority
CUST-00747,0.7876223709963307,5719.68,New / Low-Engaged,Normal,Critical / High Priority
CUST-00748,0.8202684701853172,6993.24,Budget Users,Normal,Critical / High Priority
CUST-00749,0.26127523118134327,2447.3999999999996,New / Low-Engaged,Normal,Low Priority
CUST-00750,0.49710586107485,4577.28,At-Risk,Normal,Low Priority
CUST-00751,0.4481487072400384,3891.7200000000003,New / Low-Engaged,Normal,Low Priority
CUST-00752,0.9097802721955355,6763.4400000000005,Budget Users,Normal,Critical / High Priority
CUST-00753,0.08862991558314476,7555.799999999999,Budget Users,Normal,Low Priority
CUST-00754,0.16296827013563964,8580.599999999999,Budget Users,Normal,Low Priority
CUST-00755,0.3412093402159633,6544.4400000000005,Loyal High-Value,Normal,Low Priority
CUST-00756,0.7883941471996267,5521.4400000000005,Loyal High-Value,Normal,Critical / High Priority
CUST-00757,0.2738909017892468,4862.76,New / Low-Engaged,Normal,Low Priority
CUST-00758,0.07844724861692785,5913.6,Budget Users,Normal,Low Priority
CUST-00759,0.20316919784902931,7466.76,Loyal High-Value,Normal,Low Priority
CUST-00760,0.5413023435661979,4500.0,New / Low-Engaged,Normal,Medium Priority
CUST-00761,0.3211400243813769,7471.08,At-Risk,Normal,Low Priority
CUST-00762,0.44626723112400896,6529.200000000001,Budget Users,Normal,Low Priority
CUST-00763,0.429602451661572,5819.4,At-Risk,Normal,Low Priority
CUST-00764,0.5417132770617861,5157.96,At-Risk,Normal,Medium Priority
CUST-00765,0.7116721975838319,5033.88,New / Low-Engaged,Normal,Critical / High Priority
CUST-00766,0.7126290108660654,5105.16,New / Low-Engaged,Normal,Critical / High Priority
CUST-00767,0.12261813882317196,3929.3999999999996,New / Low-Engaged,Normal,Low Priority
CUST-00768,0.3986475561710246,5257.5599999999995,New / Low-Engaged,Normal,Low Priority
CUST-00769,0.8429745153682221,4669.799999999999,New / Low-Engaged,Normal,Medium Priority
CUST-00770,0.5780237427694344,7360.92,At-Risk,Anomaly,Medium Priority
CUST-00771,0.12044077977759643,5166.36,New / Low-Engaged,Normal,Low Priority
CUST-00772,0.3923997057929706,6242.280000000001,Budget Users,Normal,Low Priority
CUST-00773,0.9066910883418218,6104.5199999999995,Budget Users,Normal,Critical / High Priority
CUST-00774,0.5296972443125252,3255.7200000000003,New / Low-Engaged,Normal,Medium Priority
CUST-00775,0.7707471069675645,3905.5199999999995,New / Low-Engaged,Normal,Medium Priority
CUST-00776,0.666771707844028,4695.84,New / Low-Engaged,Normal,Medium Priority
CUST-00777,0.9072546749730543,5591.04,New / Low-Engaged,Normal,Critical / High Priority
CUST-00778,0.22500605460757378,4834.32,New / Low-Engaged,Normal,Low Priority
CUST-00779,0.5126052828927647,4589.76,New / Low-Engaged,Normal,Medium Priority
CUST-00780,0.16851838475435443,6115.4400000000005,Budget Users,Normal,Low Priority
CUST-00781,0.27552428069588575,4176.24,At-Risk,Normal,Low Priority
CUST-00782,0.5049092022984439,3276.84,New / Low-Engaged,Normal,Medium Priority
CUST-00783,0.43370842137942806,6237.84,At-Risk,Normal,Low Priority
CUST-00784,0.2939074376516218,4422.12,New / Low-Engaged,Normal,Low Priority
CUST-00785,0.8493102205727894,5457.4800000000005,Budget Users,Normal,Critical / High Priority
CUST-00786,0.46956141389615264,6845.76,Budget Users,Normal,Low Priority
CUST-00787,0.38404676877439303,5161.08,New / Low-Engaged,Normal,Low Priority
CUST-00788,0.14128031157577325,7056.719999999999,Budget Users,Normal,Low Priority
CUST-00789,0.12906290165087142,6023.04,At-Risk,Normal,Low Priority
CUST-00790,0.7019857404314958,6175.92,At-Risk,Normal,Critical / High Priority
CUST-00791,0.4999524524675184,4348.68,New / Low-Engaged,Normal,Low Priority
CUST-00792,0.830645390687626,6075.72,Loyal High-Value,Normal,Critical / High Priority
CUST-00793,0.5859293711724733,4735.200000000001,New / Low-Engaged,Normal,Medium Priority
CUST-00794,0.2585813372384356,7112.64,Budget Users,Normal,Low Priority
CUST-00795,0.3002429127400522,5363.64,Loyal High-Value,Normal,Low Priority
CUST-00796,0.883296652765583,5321.28,Loyal High-Value,Normal,Critical / High Priority
CUST-00797,0.22381495767808413,5734.92,New / Low-Engaged,Normal,Low Priority
CUST-00798,0.5120385161463558,4281.72,New / Low-Engaged,Normal,Medium Priority
CUST-00799,0.7020975425721503,7656.960000000001,Budget Users,Normal,Critical / High Priority
CUST-00800,0.6062608376995609,6681.84,Budget Users,Normal,Critical / High Priority
CUST-00801,0.6306458702792185,3922.08,New / Low-Engaged,Normal,Medium Priority
CUST-00802,0.7613121800614069,4462.799999999999,Loyal High-Value,Normal,Medium Priority
CUST-00803,0.72691792979806,9118.8,Loyal High-Value,Anomaly,Critical / High Priority
CUST-00804,0.11817514345510188,4613.64,New / Low-Engaged,Normal,Low Priority
CUST-00805,0.10090021988372885,7280.52,Budget Users,Normal,Low Priority
CUST-00806,0.6267414286272741,6610.92,Loyal High-Value,Normal,Critical / High Priority
CUST-00807,0.9315050817627311,5658.84,Loyal High-Value,Normal,Critical / High Priority
CUST-00808,0.6274509789239164,7274.039999999999,Budget Users,Normal,Critical / High Priority
CUST-00809,0.1528430233000263,5630.28,Loyal High-Value,Normal,Low Priority
CUST-00810,0.31594098395630554,7931.64,Budget Users,Normal,Low Priority
CUST-00811,0.23189303708350195,6191.52,New / Low-Engaged,Normal,Low Priority
CUST-00812,0.5405676445459314,5485.5599999999995,At-Risk,Normal,Medium Priority
CUST-00813,0.7523587103788697,5583.24,New / Low-Engaged,Normal,Critical / High Priority
CUST-00814,0.6947287680148241,6740.52,Budget Users,Normal,Critical / High Priority
CUST-00815,0.5566078941586211,5917.799999999999,At-Risk,Normal,Medium Priority
CUST-00816,0.3996973534659087,6528.599999999999,Budget Users,Normal,Low Priority
CUST-00817,0.05671061225968425,3968.2799999999997,New / Low-Engaged,Normal,Low Priority
CUST-00818,0.748516869294509,7153.32,Budget Users,Normal,Critical / High Priority
CUST-00819,0.4813442574224136,3843.0,New / Low-Engaged,Normal,Low Priority
CUST-00820,0.13248144332992814,3336.0,New / Low-Engaged,Normal,Low Priority
CUST-00821,0.1904473350173263,7187.16,Loyal High-Value,Normal,Low Priority
CUST-00822,0.8972616182865855,6783.48,At-Risk,Anomaly,Critical / High Priority
CUST-00823,0.10746426175431928,7251.719999999999,Loyal High-Value,Normal,Low Priority
CUST-00824,0.49360688604668707,7361.64,Loyal High-Value,Normal,Low Priority
CUST-00825,0.06562607471632208,6345.36,Budget Users,Normal,Low Priority
CUST-00826,0.09159336184241362,4926.24,At-Risk,Normal,Low Priority
CUST-00827,0.8168468934483367,5535.96,New / Low-Engaged,Normal,Critical / High Priority
CUST-00828,0.35028251450860953,6242.52,Budget Users,Normal,Low Priority
CUST-00829,0.3986380139139243,6975.84,Loyal High-Value,Normal,Low Priority
CUST-00830,0.446713753680124,6386.76,Budget Users,Normal,Low Priority
CUST-00831,0.06043505197232227,4325.28,New / Low-Engaged,Normal,Low Priority
CUST-00832,0.44476512813339497,5628.84,Budget Users,Normal,Low Priority
CUST-00833,0.7845778116415502,4550.64,New / Low-Engaged,Normal,Medium Priority
CUST-00834,0.8948308709115664,3763.68,Loyal High-Value,Anomaly,Medium Priority
CUST-00835,0.37698170248209256,7701.12,Budget Users,Normal,Low Priority
CUST-00836,0.43986355184843584,4915.32,New / Low-Engaged,Normal,Low Priority
CUST-00837,0.48477646463484875,5715.12,Budget Users,Normal,Low Priority
CUST-00838,0.8177574154113282,5654.88,Loyal High-Value,Normal,Critical / High Priority
CUST-00839,0.42039471879637175,4998.24,At-Risk,Normal,Low Priority
CUST-00840,0.1372428981189699,3915.96,New / Low-Engaged,Normal,Low Priority
CUST-00841,0.900330139583368,6002.04,New / Low-Engaged,Normal,Critical / High Priority
CUST-00842,0.6133473493928453,4898.76,New / Low-Engaged,Normal,Medium Priority
CUST-00843,0.8062134439048193,6859.799999999999,Loyal High-Value,Normal,Critical / High Priority
CUST-00844,0.4213394840411322,7349.64,Budget Users,Normal,Low Priority
CUST-00845,0.912950762053028,3921.96,At-Risk,Normal,Medium Priority
CUST-00846,0.7424868772783378,4370.16,At-Risk,Anomaly,Medium Priority
CUST-00847,0.5225766983509795,5209.32,Loyal High-Value,Normal,Medium Priority
CUST-00848,0.5020044041470676,6074.88,Budget Users,Normal,Medium Priority
CUST-00849,0.5801618250436784,4014.3599999999997,New / Low-Engaged,Normal,Medium Priority
CUST-00850,0.555615908582681,6456.48,Budget Users,Normal,Medium Priority
CUST-00851,0.7509455804351345,3986.88,At-Risk,Normal,Medium Priority
CUST-00852,0.6660744439013321,5655.96,New / Low-Engaged,Normal,Critical / High Priority
CUST-00853,0.4709154591355601,6639.24,Budget Users,Normal,Low Priority
CUST-00854,0.7716248439033688,4956.96,New / Low-Engaged,Normal,Medium Priority
CUST-00855,0.4731088685377009,7699.92,Budget Users,Normal,Low Priority
CUST-00856,0.8966131146311385,5660.76,At-Risk,Normal,Critical / High Priority
CUST-00857,0.6750066197449011,5399.76,New / Low-Engaged,Normal,Critical / High Priority
CUST-00858,0.8095142824480391,5773.08,Budget Users,Normal,Critical / High Priority
CUST-00859,0.27327684689506954,7115.280000000001,Loyal High-Value,Normal,Low Priority
CUST-00860,0.460786379576031,5343.0,New / Low-Engaged,Normal,Low Priority
CUST-00861,0.5436310390157055,6074.76,At-Risk,Normal,Medium Priority
CUST-00862,0.8891570233888861,9321.72,Budget Users,Normal,Critical / High Priority
CUST-00863,0.7015876156781342,6493.4400000000005,Budget Users,Normal,Critical / High Priority
CUST-00864,0.555980356013133,7288.799999999999,Loyal High-Value,Normal,Medium Priority
CUST-00865,0.4368013319825192,8228.039999999999,Budget Users,Normal,Low Priority
CUST-00866,0.6639981685548673,5871.96,Loyal High-Value,Normal,Critical / High Priority
CUST-00867,0.07257201526030811,5598.84,At-Risk,Normal,Low Priority
CUST-00868,0.6566738470390614,5993.5199999999995,At-Risk,Normal,Critical / High Priority
CUST-00869,0.7600429805687909,5731.68,Budget Users,Normal,Critical / High Priority
CUST-00870,0.9236427304340263,5988.36,At-Risk,Normal,Critical / High Priority
CUST-00871,0.8112102909222607,6334.799999999999,At-Risk,Normal,Critical / High Priority
CUST-00872,0.410159202031686,5873.28,New / Low-Engaged,Normal,Low Priority
CUST-00873,0.6147347445910435,4584.36,New / Low-Engaged,Normal,Medium Priority
CUST-00874,0.24968800674052039,4962.4800000000005,New / Low-Engaged,Normal,Low Priority
CUST-00875,0.45077912733800735,7752.24,Budget Users,Normal,Low Priority
CUST-00876,0.6762912782741303,3946.7999999999997,New / Low-Engaged,Normal,Medium Priority
CUST-00877,0.40980583224579586,6176.039999999999,At-Risk,Normal,Low Priority
CUST-00878,0.7594465209488641,5172.36,At-Risk,Normal,Critical / High Priority
CUST-00879,0.27894943760583946,6785.039999999999,Budget Users,Normal,Low Priority
CUST-00880,0.7556872560559018,5266.32,Budget Users,Normal,Critical / High Priority
CUST-00881,0.764566759764459,5782.200000000001,Loyal High-Value,Normal,Critical / High Priority
CUST-00882,0.2536335846165909,6746.16,Budget Users,Normal,Low Priority
CUST-00883,0.3583437283610984,7241.280000000001,New / Low-Engaged,Normal,Low Priority
CUST-00884,0.7838951645502629,4902.12,At-Risk,Normal,Medium Priority
CUST-00885,0.5073392192089468,8955.24,Budget Users,Normal,Medium Priority
CUST-00886,0.43270646378165983,8316.599999999999,Budget Users,Normal,Low Priority
CUST-00887,0.9162963264963496,4978.5599999999995,New / Low-Engaged,Normal,Medium Priority
CUST-00888,0.7124408775443551,6616.32,Budget Users,Normal,Critical / High Priority
CUST-00889,0.2474028813316418,4730.04,At-Risk,Normal,Low Priority
CUST-00890,0.5012550218334839,6672.719999999999,Loyal High-Value,Normal,Medium Priority
CUST-00891,0.6272134320473169,6059.76,Budget Users,Normal,Critical / High Priority
CUST-00892,0.15370919360114366,7723.5599999999995,At-Risk,Normal,Low Priority
CUST-00893,0.7076353161767003,7611.719999999999,Budget Users,Normal,Critical / High Priority
CUST-00894,0.9282006869007204,6797.88,At-Risk,Normal,Critical / High Priority
CUST-00895,0.46317977151758116,3484.56,New / Low-Engaged,Normal,Low Priority
CUST-00896,0.12899127457093568,6481.200000000001,Budget Users,Normal,Low Priority
CUST-00897,0.612621602143205,4320.96,New / Low-Engaged,Normal,Medium Priority
CUST-00898,0.8840589536503224,4192.68,At-Risk,Normal,Medium Priority
CUST-00899,0.32555263758295083,6506.280000000001,Budget Users,Normal,Low Priority
CUST-00900,0.08786961187097457,5811.12,At-Risk,Normal,Low Priority
CUST-00901,0.5936720659874967,6483.36,Budget Users,Normal,Medium Priority
CUST-00902,0.4259715467937237,9282.24,Loyal High-Value,Anomaly,Low Priority
CUST-00903,0.37310385994354794,6000.84,New / Low-Engaged,Normal,Low Priority
CUST-00904,0.9264658115974755,6808.5599999999995,Budget Users,Normal,Critical / High Priority
CUST-00905,0.06834053730526543,4682.4,New / Low-Engaged,Normal,Low Priority
CUST-00906,0.10102033531640014,6456.599999999999,Budget Users,Normal,Low Priority
CUST-00907,0.6740340103714285,8775.24,Budget Users,Normal,Critical / High Priority
CUST-00908,0.32803968074667367,7445.52,Loyal High-Value,Normal,Low Priority
CUST-00909,0.5276376015132092,7238.52,Budget Users,Normal,Medium Priority
CUST-00910,0.37729719410209406,5563.4400000000005,At-Risk,Normal,Low Priority
CUST-00911,0.06836403557734796,4173.4800000000005,At-Risk,Normal,Low Priority
CUST-00912,0.92607052780941,7519.08,Budget Users,Normal,Critical / High Priority
CUST-00913,0.6233214563466802,5840.28,At-Risk,Normal,Critical / High Priority
CUST-00914,0.48456085263204896,5483.04,Loyal High-Value,Anomaly,Low Priority
CUST-00915,0.10231036780109165,3202.32,New / Low-Engaged,Anomaly,Low Priority
CUST-00916,0.6324092482081002,4443.6,New / Low-Engaged,Normal,Medium Priority
CUST-00917,0.7188962351490564,3239.2799999999997,At-Risk,Normal,Medium Priority
CUST-00918,0.3159145661675976,5509.200000000001,Loyal High-Value,Normal,Low Priority
CUST-00919,0.32168897861384294,4726.799999999999,New / Low-Engaged,Normal,Low Priority
CUST-00920,0.6760930649415059,7921.200000000001,Budget Users,Normal,Critical / High Priority
CUST-00921,0.24589011922434661,6237.12,Budget Users,Normal,Low Priority
CUST-00922,0.6377676221591415,4994.76,New / Low-Engaged,Normal,Medium Priority
CUST-00923,0.7388445738256599,3862.08,New / Low-Engaged,Normal,Medium Priority
CUST-00924,0.36000916305397496,5142.24,New / Low-Engaged,Normal,Low Priority
CUST-00925,0.4424028797142157,4033.7999999999997,New / Low-Engaged,Normal,Low Priority
CUST-00926,0.6512424977121388,7735.68,Budget Users,Normal,Critical / High Priority
CUST-00927,0.44077207392314965,6801.84,At-Risk,Normal,Low Priority
CUST-00928,0.8304245441130568,6564.0,Budget Users,Normal,Critical / High Priority
CUST-00929,0.8103981968681085,9502.92,Budget Users,Normal,Critical / High Priority
CUST-00930,0.8299515646906036,5237.04,New / Low-Engaged,Normal,Critical / High Priority
CUST-00931,0.0617049152716646,6837.36,At-Risk,Anomaly,Low Priority
CUST-00932,0.28717901665528556,5941.200000000001,Loyal High-Value,Normal,Low Priority
CUST-00933,0.39326006998431395,5785.5599999999995,At-Risk,Normal,Low Priority
CUST-00934,0.5202449257079866,4860.12,Loyal High-Value,Normal,Medium Priority
CUST-00935,0.5403685748246786,7764.36,Budget Users,Normal,Medium Priority
CUST-00936,0.5743733836374648,5776.92,Budget Users,Normal,Medium Priority
CUST-00937,0.821515321209094,4417.200000000001,New / Low-Engaged,Normal,Medium Priority
CUST-00938,0.9125668421850462,3978.4800000000005,New / Low-Engaged,Normal,Medium Priority
CUST-00939,0.2507265326333679,3608.6400000000003,New / Low-Engaged,Normal,Low Priority
CUST-00940,0.7311580026777265,5865.4800000000005,Loyal High-Value,Normal,Critical / High Priority
CUST-00941,0.4070603930430596,4994.28,New / Low-Engaged,Normal,Low Priority
CUST-00942,0.3229582633241799,2027.04,New / Low-Engaged,Normal,Low Priority
CUST-00943,0.16732668172791654,4766.5199999999995,New / Low-Engaged,Normal,Low Priority
CUST-00944,0.4934592596889377,5403.96,New / Low-Engaged,Normal,Low Priority
CUST-00945,0.44142370042290785,8082.0,Budget Users,Normal,Low Priority
CUST-00946,0.8076872830187412,6777.48,Budget Users,Normal,Critical / High Priority
CUST-00947,0.3066937384490894,6498.599999999999,At-Risk,Normal,Low Priority
CUST-00948,0.5831736842595507,5251.68,Loyal High-Value,Normal,Medium Priority
CUST-00949,0.8173862118236475,6263.280000000001,Budget Users,Normal,Critical / High Priority
CUST-00950,0.49236623403269153,7611.84,At-Risk,Normal,Low Priority
CUST-00951,0.36545885488722873,6261.719999999999,Budget Users,Normal,Low Priority
CUST-00952,0.5616153762260577,4312.200000000001,New / Low-Engaged,Normal,Medium Priority
CUST-00953,0.34578922678079294,5960.04,Budget Users,Normal,Low Priority
CUST-00954,0.5177944170160318,6705.24,Budget Users,Normal,Medium Priority
CUST-00955,0.33890668203011565,4477.200000000001,New / Low-Engaged,Normal,Low Priority
CUST-00956,0.9005082428067847,5586.24,At-Risk,Normal,Critical / High Priority
CUST-00957,0.14069077381055634,8589.0,Budget Users,Normal,Low Priority
CUST-00958,0.3028488547674338,7397.039999999999,Loyal High-Value,Normal,Low Priority
CUST-00959,0.2902947767280769,6840.0,Loyal High-Value,Normal,Low Priority
CUST-00960,0.5905913022117972,6153.24,Budget Users,Normal,Medium Priority
CUST-00961,0.6087306474284274,6981.599999999999,Loyal High-Value,Normal,Critical / High Priority
CUST-00962,0.2842768426826857,3639.6000000000004,New / Low-Engaged,Normal,Low Priority
CUST-00963,0.46362588553704087,4484.28,At-Risk,Normal,Low Priority
CUST-00964,0.07318282921278553,4799.16,New / Low-Engaged,Normal,Low Priority
CUST-00965,0.4526410250976949,4719.0,New / Low-Engaged,Normal,Low Priority
CUST-00966,0.9137843502186368,8976.72,Budget Users,Anomaly,Critical / High Priority
CUST-00967,0.429797297891587,5310.96,New / Low-Engaged,Normal,Low Priority
CUST-00968,0.3515581298271904,6024.72,Budget Users,Normal,Low Priority
CUST-00969,0.09288570809156355,3288.6000000000004,New / Low-Engaged,Normal,Low Priority
CUST-00970,0.4608746816384544,4304.64,New / Low-Engaged,Normal,Low Priority
CUST-00971,0.8755189080714817,4052.76,At-Risk,Normal,Medium Priority
CUST-00972,0.41405630680929945,5831.88,New / Low-Engaged,Normal,Low Priority
CUST-00973,0.5356967206045324,7106.64,Budget Users,Normal,Medium Priority
CUST-00974,0.5199288937447709,5750.88,New / Low-Engaged,Normal,Medium Priority
CUST-00975,0.14709455666485888,5417.16,At-Risk,Normal,Low Priority
CUST-00976,0.28169243877979216,3798.96,New / Low-Engaged,Normal,Low Priority
CUST-00977,0.4274863798262209,6930.960000000001,Loyal High-Value,Normal,Low Priority
CUST-00978,0.6887325729527004,7997.52,Budget Users,Normal,Critical / High Priority
CUST-00979,0.10464686351968533,6300.12,Loyal High-Value,Normal,Low Priority
CUST-00980,0.8476909550768048,7110.719999999999,Budget Users,Normal,Critical / High Priority
CUST-00981,0.173740079474967,6589.799999999999,Budget Users,Normal,Low Priority
CUST-00982,0.17237744838854813,4574.88,At-Risk,Anomaly,Low Priority
CUST-00983,0.7249557678537847,8098.92,Budget Users,Normal,Critical / High Priority
CUST-00984,0.595456330007844,6224.16,Budget Users,Normal,Medium Priority
CUST-00985,0.4622516337786499,5767.799999999999,Loyal High-Value,Normal,Low Priority
CUST-00986,0.5164670617455129,7827.84,Budget Users,Normal,Medium Priority
CUST-00987,0.1164223099009317,4936.32,New / Low-Engaged,Anomaly,Low Priority
CUST-00988,0.7942637377438535,6439.5599999999995,Budget Users,Normal,Critical / High Priority
CUST-00989,0.767303920943673,4051.32,New / Low-Engaged,Normal,Medium Priority
CUST-00990,0.8268927696132393,5885.76,At-Risk,Normal,Critical / High Priority
CUST-00991,0.33805616855213705,4770.96,At-Risk,Normal,Low Priority
CUST-00992,0.35068109937418046,7271.88,Budget Users,Normal,Low Priority
CUST-00993,0.8681553588229312,6770.280000000001,Budget Users,Normal,Critical / High Priority
CUST-00994,0.9104510973328468,4734.12,New / Low-Engaged,Normal,Medium Priority
CUST-00995,0.7191048907415301,3786.96,New / Low-Engaged,Normal,Medium Priority
CUST-00996,0.6920500683234413,7556.16,Loyal High-Value,Anomaly,Critical / High Priority
CUST-00997,0.35631528563965004,7150.92,Budget Users,Normal,Low Priority
CUST-00998,0.41125562119613024,4640.4,At-Risk,Normal,Low Priority
CUST-00999,0.33308409422215324,4672.32,New / Low-Engaged,Normal,Low Priority
CUST-01000,0.23519973612431244,5501.88,New / Low-Engaged,Normal,Low Priority
CUST-01001,0.4259530474399538,3506.04,New / Low-Engaged,Normal,Low Priority
CUST-01002,0.9071596804514407,5248.200000000001,New / Low-Engaged,Normal,Critical / High Priority
CUST-01003,0.16535443620115942,5210.76,New / Low-Engaged,Normal,Low Priority
CUST-01004,0.8184143997685673,4729.92,New / Low-Engaged,Normal,Medium Priority
CUST-01005,0.599261653160181,5236.92,New / Low-Engaged,Normal,Medium Priority
CUST-01006,0.060230641849153305,8536.56,Loyal High-Value,Normal,Low Priority
CUST-01007,0.5305717845469236,4862.16,Budget Users,Normal,Medium Priority
CUST-01008,0.4410697787054701,8146.5599999999995,Loyal High-Value,Anomaly,Low Priority
CUST-01009,0.8625025263186806,8141.280000000001,Budget Users,Normal,Critical / High Priority
CUST-01010,0.37027083169297376,4164.84,New / Low-Engaged,Normal,Low Priority
CUST-01011,0.24260083264203047,3022.56,New / Low-Engaged,Normal,Low Priority
CUST-01012,0.7568489324673799,7126.4400000000005,Budget Users,Normal,Critical / High Priority
CUST-01013,0.45626489124643216,4302.12,New / Low-Engaged,Normal,Low Priority
CUST-01014,0.26410189720889,5899.200000000001,At-Risk,Normal,Low Priority
CUST-01015,0.5423142014593412,4398.84,At-Risk,Normal,Medium Priority
CUST-01016,0.5192000082435066,4401.0,New / Low-Engaged,Normal,Medium Priority
CUST-01017,0.8263329721387459,7137.599999999999,Budget Users,Normal,Critical / High Priority
CUST-01018,0.8977559058171628,8714.64,Budget Users,Normal,Critical / High Priority
CUST-01019,0.19188234016405276,4240.5599999999995,New / Low-Engaged,Normal,Low Priority
CUST-01020,0.5900303798541805,4507.92,At-Risk,Normal,Medium Priority
CUST-01021,0.5313040485681557,7084.5599999999995,Budget Users,Normal,Medium Priority
CUST-01022,0.07188886172976824,4650.6,New / Low-Engaged,Normal,Low Priority
CUST-01023,0.08346214161748243,6697.4400000000005,Budget Users,Normal,Low Priority
CUST-01024,0.875944437463359,5725.799999999999,At-Risk,Normal,Critical / High Priority
CUST-01025,0.3033464178057606,8746.92,Budget Users,Normal,Low Priority
CUST-01026,0.8731993427810205,8229.599999999999,Budget Users,Normal,Critical / High Priority
CUST-01027,0.1646286223532465,5896.5599999999995,At-Risk,Normal,Low Priority
CUST-01028,0.5049798194915557,3938.16,New / Low-Engaged,Normal,Medium Priority
CUST-01029,0.7975009406845961,7023.12,At-Risk,Normal,Critical / High Priority
CUST-01030,0.38328731205406974,4489.92,New / Low-Engaged,Normal,Low Priority
CUST-01031,0.16691324142145297,5454.12,At-Risk,Normal,Low Priority
CUST-01032,0.5174207714604666,5644.799999999999,Loyal High-Value,Normal,Medium Priority
CUST-01033,0.8316380467062249,5516.76,Loyal High-Value,Normal,Critical / High Priority
CUST-01034,0.8009946890888944,6185.52,Loyal High-Value,Normal,Critical / High Priority
CUST-01035,0.2113792014829562,5045.4,New / Low-Engaged,Normal,Low Priority
CUST-01036,0.7094384405399973,7824.24,Budget Users,Normal,Critical / High Priority
CUST-01037,0.16906079231233914,3199.2000000000003,New / Low-Engaged,Normal,Low Priority
CUST-01038,0.4948062731992287,4415.5199999999995,Loyal High-Value,Normal,Low Priority
CUST-01039,0.15832080454460173,8224.32,Budget Users,Normal,Low Priority
CUST-01040,0.34696383900322025,8821.44,At-Risk,Anomaly,Low Priority
CUST-01041,0.13697041197104148,7103.16,Budget Users,Normal,Low Priority
CUST-01042,0.8220910213486244,8089.32,Loyal High-Value,Normal,Critical / High Priority
CUST-01043,0.39876043525466737,5428.799999999999,New / Low-Engaged,Normal,Low Priority
CUST-01044,0.07018209101323078,4851.72,Loyal High-Value,Normal,Low Priority
CUST-01045,0.40765022082216884,5172.84,New / Low-Engaged,Normal,Low Priority
CUST-01046,0.9452965276232239,6168.36,Loyal High-Value,Normal,Critical / High Priority
CUST-01047,0.8318460828153967,4157.28,New / Low-Engaged,Normal,Medium Priority
CUST-01048,0.44378175951759874,5415.4800000000005,At-Risk,Normal,Low Priority
CUST-01049,0.13825523026338948,6685.799999999999,Budget Users,Normal,Low Priority
CUST-01050,0.9021652144362636,7201.92,Loyal High-Value,Normal,Critical / High Priority
CUST-01051,0.446318240505372,5182.799999999999,At-Risk,Normal,Low Priority
CUST-01052,0.8721820637948553,4587.96,New / Low-Engaged,Normal,Medium Priority
CUST-01053,0.6922484197284973,3972.6000000000004,New / Low-Engaged,Normal,Medium Priority
CUST-01054,0.5228142502068601,5623.32,New / Low-Engaged,Normal,Medium Priority
CUST-01055,0.8960999247180151,4694.5199999999995,New / Low-Engaged,Normal,Medium Priority
CUST-01056,0.9130010796200934,9178.8,Budget Users,Normal,Critical / High Priority
CUST-01057,0.4953866487894134,4889.16,At-Risk,Normal,Low Priority
CUST-01058,0.13213230199146642,7814.52,Budget Users,Normal,Low Priority
CUST-01059,0.35495868754244697,4809.72,New / Low-Engaged,Normal,Low Priority
CUST-01060,0.15020270565543425,3847.44,New / Low-Engaged,Normal,Low Priority
CUST-01061,0.8354947263810201,3770.5199999999995,New / Low-Engaged,Normal,Medium Priority
CUST-01062,0.9291769843607605,6540.24,Budget Users,Normal,Critical / High Priority
CUST-01063,0.4704422561753248,7009.799999999999,Loyal High-Value,Normal,Low Priority
CUST-01064,0.7517048744570038,8135.52,Budget Users,Normal,Critical / High Priority
CUST-01065,0.8332845790354971,6734.64,Budget Users,Normal,Critical / High Priority
CUST-01066,0.5200198772664091,4040.3999999999996,New / Low-Engaged,Normal,Medium Priority
CUST-01067,0.14025446206766906,7558.4400000000005,Budget Users,Normal,Low Priority
CUST-01068,0.41668411460057214,4370.4,New / Low-Engaged,Normal,Low Priority
CUST-01069,0.7097598707869277,5825.64,At-Risk,Normal,Critical / High Priority
CUST-01070,0.33419221677171285,5285.88,At-Risk,Normal,Low Priority
CUST-01071,0.8397208976185291,6068.28,Budget Users,Normal,Critical / High Priority
CUST-01072,0.22426029896196048,5304.0,At-Risk,Normal,Low Priority
CUST-01073,0.4974965441312267,6817.5599999999995,Loyal High-Value,Normal,Low Priority
CUST-01074,0.7458852544921183,4520.5199999999995,New / Low-Engaged,Normal,Medium Priority
CUST-01075,0.5745691664273271,4856.28,Loyal High-Value,Normal,Medium Priority
CUST-01076,0.5149895226900725,6287.039999999999,Loyal High-Value,Normal,Medium Priority
CUST-01077,0.540356011094906,7045.68,Budget Users,Normal,Medium Priority
CUST-01078,0.7847938299964549,4087.68,New / Low-Engaged,Normal,Medium Priority
CUST-01079,0.4859274926633413,5089.799999999999,New / Low-Engaged,Normal,Low Priority
CUST-01080,0.9107190550457251,5663.28,Loyal High-Value,Normal,Critical / High Priority
CUST-01081,0.874168193788418,8090.76,Budget Users,Normal,Critical / High Priority
CUST-01082,0.4169017021126098,6963.599999999999,Loyal High-Value,Normal,Low Priority
CUST-01083,0.37271678981701634,3250.2000000000003,New / Low-Engaged,Normal,Low Priority
CUST-01084,0.16391235742705612,5064.0,New / Low-Engaged,Normal,Low Priority
CUST-01085,0.8760384835858781,4918.200000000001,New / Low-Engaged,Normal,Medium Priority
CUST-01086,0.6901623597213774,8525.400000000001,Budget Users,Normal,Critical / High Priority
CUST-01087,0.24771722828274761,8745.24,Budget Users,Normal,Low Priority
CUST-01088,0.6290825237204145,5021.4,At-Risk,Normal,Critical / High Priority
CUST-01089,0.41866788960305734,7623.36,Budget Users,Normal,Low Priority
CUST-01090,0.3193538906392298,6558.12,Loyal High-Value,Normal,Low Priority
CUST-01091,0.14281634918991393,4709.5199999999995,At-Risk,Normal,Low Priority
CUST-01092,0.45266793615478,6432.0,Budget Users,Normal,Low Priority
CUST-01093,0.8074240729826719,3915.96,New / Low-Engaged,Normal,Medium Priority
CUST-01094,0.9023194819292509,5828.16,New / Low-Engaged,Normal,Critical / High Priority
CUST-01095,0.06320214243764834,4168.08,New / Low-Engaged,Normal,Low Priority
CUST-01096,0.8094357008486293,5167.92,New / Low-Engaged,Normal,Critical / High Priority
CUST-01097,0.7015123047696795,6858.719999999999,Budget Users,Normal,Critical / High Priority
CUST-01098,0.6661233947841393,7707.719999999999,Budget Users,Normal,Critical / High Priority
CUST-01099,0.11153967185742257,5622.84,New / Low-Engaged,Normal,Low Priority
CUST-01100,0.3288908386942069,5820.72,Loyal High-Value,Normal,Low Priority
CUST-01101,0.8775545819655811,3943.32,New / Low-Engaged,Normal,Medium Priority
CUST-01102,0.7931470425201506,7151.76,Budget Users,Normal,Critical / High Priority
CUST-01103,0.10941894265737923,6921.84,Loyal High-Value,Normal,Low Priority
CUST-01104,0.48524204176477453,5684.16,New / Low-Engaged,Normal,Low Priority
CUST-01105,0.34102224057186376,4945.32,At-Risk,Normal,Low Priority
CUST-01106,0.10828365610430321,5427.84,New / Low-Engaged,Normal,Low Priority
CUST-01107,0.7529200768011758,8082.36,Budget Users,Normal,Critical / High Priority
CUST-01108,0.22602474677403528,4806.96,New / Low-Engaged,Normal,Low Priority
CUST-01109,0.19447724093745594,2601.84,New / Low-Engaged,Normal,Low Priority
CUST-01110,0.6261289875447124,9656.28,Budget Users,Normal,Critical / High Priority
CUST-01111,0.2857335841237684,5715.96,At-Risk,Normal,Low Priority
CUST-01112,0.6467406024822602,4970.76,New / Low-Engaged,Normal,Medium Priority
CUST-01113,0.769570414227779,6655.92,At-Risk,Normal,Critical / High Priority
CUST-01114,0.4287172884525565,4798.799999999999,Loyal High-Value,Normal,Low Priority
CUST-01115,0.718976494463728,4605.84,At-Risk,Normal,Medium Priority
CUST-01116,0.10792034234316017,3460.68,New / Low-Engaged,Normal,Low Priority
CUST-01117,0.3145783798125217,4090.68,New / Low-Engaged,Normal,Low Priority
CUST-01118,0.5576247863439961,7756.08,Budget Users,Normal,Medium Priority
CUST-01119,0.6208973956955866,8118.719999999999,Budget Users,Normal,Critical / High Priority
CUST-01120,0.09177037332554575,5762.76,Loyal High-Value,Normal,Low Priority
CUST-01121,0.7779016322001903,3571.08,New / Low-Engaged,Normal,Medium Priority
CUST-01122,0.37938273110123777,4515.36,New / Low-Engaged,Normal,Low Priority
CUST-01123,0.7250189581364175,4519.92,New / Low-Engaged,Normal,Medium Priority
CUST-01124,0.5333910452721166,6618.960000000001,Budget Users,Normal,Medium Priority
CUST-01125,0.38016668081900906,6746.16,Budget Users,Normal,Low Priority
CUST-01126,0.6311272509970268,6303.48,Budget Users,Normal,Critical / High Priority
CUST-01127,0.8610445133383552,6489.719999999999,Loyal High-Value,Normal,Critical / High Priority
CUST-01128,0.49885086810409873,7258.5599999999995,Budget Users,Normal,Low Priority
CUST-01129,0.812699889851721,5779.32,At-Risk,Normal,Critical / High Priority
CUST-01130,0.2050215286761668,4630.68,Loyal High-Value,Normal,Low Priority
CUST-01131,0.5019817827308879,4074.12,New / Low-Engaged,Normal,Medium Priority
CUST-01132,0.7288907029816056,6148.5599999999995,Budget Users,Normal,Critical / High Priority
CUST-01133,0.5133410671777351,3636.24,New / Low-Engaged,Normal,Medium Priority
CUST-01134,0.8852670118652652,3807.24,At-Risk,Normal,Medium Priority
CUST-01135,0.9167298198524166,5267.4,New / Low-Engaged,Normal,Critical / High Priority
CUST-01136,0.06302319295679043,5447.5199999999995,Loyal High-Value,Normal,Low Priority
CUST-01137,0.3694794187453117,5121.6,New / Low-Engaged,Normal,Low Priority
CUST-01138,0.49975629802284977,6855.599999999999,Budget Users,Normal,Low Priority
CUST-01139,0.0508095386176276,5748.24,New / Low-Engaged,Normal,Low Priority
CUST-01140,0.7149016942451109,4664.88,New / Low-Engaged,Normal,Medium Priority
CUST-01141,0.9063102162542298,3100.32,At-Risk,Normal,Medium Priority
CUST-01142,0.2834769433516845,5022.72,New / Low-Engaged,Normal,Low Priority
CUST-01143,0.8583828393730012,3976.2000000000003,New / Low-Engaged,Normal,Medium Priority
CUST-01144,0.1817456569658214,5327.04,At-Risk,Normal,Low Priority
CUST-01145,0.8471037279152805,8288.28,Budget Users,Normal,Critical / High Priority
CUST-01146,0.16921209363412945,6969.0,Budget Users,Normal,Low Priority
CUST-01147,0.1207821661320402,3359.5199999999995,New / Low-Engaged,Normal,Low Priority
CUST-01148,0.18227545085550495,4972.68,At-Risk,Normal,Low Priority
CUST-01149,0.28101895545736866,8355.36,Budget Users,Normal,Low Priority
CUST-01150,0.6421022206079576,7263.24,Budget Users,Normal,Critical / High Priority
CUST-01151,0.6889925435578119,6399.0,Budget Users,Normal,Critical / High Priority
CUST-01152,0.9207951799833156,5175.96,New / Low-Engaged,Normal,Critical / High Priority
CUST-01153,0.8137301896408581,4306.799999999999,New / Low-Engaged,Normal,Medium Priority
CUST-01154,0.2532172652856102,6671.280000000001,Budget Users,Normal,Low Priority
CUST-01155,0.05030639586382533,5478.96,New / Low-Engaged,Normal,Low Priority
CUST-01156,0.4939172772305398,7025.64,Budget Users,Normal,Low Priority
CUST-01157,0.29072708175900963,5201.5199999999995,New / Low-Engaged,Normal,Low Priority
CUST-01158,0.4113789865681084,3724.56,New / Low-Engaged,Normal,Low Priority
CUST-01159,0.6775058452665349,4555.68,At-Risk,Normal,Medium Priority
CUST-01160,0.5937054204748552,7316.039999999999,Budget Users,Normal,Medium Priority
CUST-01161,0.488373435047068,4653.24,Loyal High-Value,Normal,Low Priority
CUST-01162,0.7941515822209403,6636.960000000001,Loyal High-Value,Normal,Critical / High Priority
CUST-01163,0.5775879795455734,7938.599999999999,Loyal High-Value,Normal,Medium Priority
CUST-01164,0.09533111030369149,6025.08,At-Risk,Normal,Low Priority
CUST-01165,0.40070578576077137,4743.4800000000005,New / Low-Engaged,Normal,Low Priority
CUST-01166,0.5384912377115282,5422.4400000000005,New / Low-Engaged,Normal,Medium Priority
CUST-01167,0.1729152040714486,6268.92,Budget Users,Normal,Low Priority
CUST-01168,0.31535601232112137,5189.16,At-Risk,Normal,Low Priority
CUST-01169,0.6786092550753923,5591.16,At-Risk,Normal,Critical / High Priority
CUST-01170,0.2374604591181293,5040.36,New / Low-Engaged,Normal,Low Priority
CUST-01171,0.8410651134070072,3840.96,New / Low-Engaged,Normal,Medium Priority
CUST-01172,0.6125798618014796,8775.119999999999,At-Risk,Normal,Critical / High Priority
CUST-01173,0.75362414064346,6774.36,Budget Users,Normal,Critical / High Priority
CUST-01174,0.6859283490729026,3860.04,New / Low-Engaged,Normal,Medium Priority
CUST-01175,0.8998587168496658,6810.24,Budget Users,Normal,Critical / High Priority
CUST-01176,0.44579229514866126,5437.92,New / Low-Engaged,Normal,Low Priority
CUST-01177,0.4104976014034756,5091.84,New / Low-Engaged,Normal,Low Priority
CUST-01178,0.9414190707054076,7684.32,Budget Users,Normal,Critical / High Priority
CUST-01179,0.6307967830662503,4671.72,At-Risk,Normal,Medium Priority
CUST-01180,0.24456408297938692,4500.72,New / Low-Engaged,Normal,Low Priority
CUST-01181,0.7478717984063287,8977.2,Budget Users,Normal,Critical / High Priority
CUST-01182,0.07185878226144324,6084.24,Loyal High-Value,Normal,Low Priority
CUST-01183,0.7611574271035793,6238.200000000001,At-Risk,Normal,Critical / High Priority
CUST-01184,0.9069613924757172,5955.24,Loyal High-Value,Normal,Critical / High Priority
CUST-01185,0.8436768904358809,2969.2799999999997,New / Low-Engaged,Normal,Medium Priority
CUST-01186,0.4308543163556603,4663.799999999999,New / Low-Engaged,Normal,Low Priority
CUST-01187,0.7847866114511982,2905.32,At-Risk,Normal,Medium Priority
CUST-01188,0.3882218039709193,5664.72,At-Risk,Normal,Low Priority
CUST-01189,0.18125831084344024,7369.68,Budget Users,Normal,Low Priority
CUST-01190,0.48234274638270214,4678.32,New / Low-Engaged,Normal,Low Priority
CUST-01191,0.19679799671653997,3513.3599999999997,New / Low-Engaged,Normal,Low Priority
CUST-01192,0.4311681944526927,7017.84,Budget Users,Normal,Low Priority
CUST-01193,0.7770877001015299,6160.08,New / Low-Engaged,Normal,Critical / High Priority
CUST-01194,0.18950953743328935,2139.7200000000003,New / Low-Engaged,Normal,Low Priority
CUST-01195,0.49312056267211046,8521.08,Budget Users,Normal,Low Priority
CUST-01196,0.40134979255481823,7082.88,Loyal High-Value,Normal,Low Priority
CUST-01197,0.07976296154103132,5678.5199999999995,Loyal High-Value,Normal,Low Priority
CUST-01198,0.310472535491068,6403.08,Loyal High-Value,Normal,Low Priority
CUST-01199,0.7566731478720703,5232.36,New / Low-Engaged,Normal,Critical / High Priority
CUST-01200,0.3398551789243424,5889.24,Loyal High-Value,Normal,Low Priority
CUST-01201,0.8414742305073623,6112.92,Budget Users,Normal,Critical / High Priority
CUST-01202,0.6099979165454303,9638.400000000001,Budget Users,Normal,Critical / High Priority
CUST-01203,0.07932399423969982,2895.7200000000003,New / Low-Engaged,Normal,Low Priority
CUST-01204,0.5110580132127241,7208.16,Budget Users,Normal,Medium Priority
CUST-01205,0.7987257263367357,5725.200000000001,Loyal High-Value,Normal,Critical / High Priority
CUST-01206,0.9344208972105427,6123.6,Budget Users,Normal,Critical / High Priority
CUST-01207,0.4193897051863774,5459.5199999999995,At-Risk,Normal,Low Priority
CUST-01208,0.5383309757448691,6887.280000000001,Loyal High-Value,Normal,Medium Priority
CUST-01209,0.6397583522043728,4240.4400000000005,New / Low-Engaged,Normal,Medium Priority
CUST-01210,0.7305417917153865,5191.200000000001,New / Low-Engaged,Normal,Critical / High Priority
CUST-01211,0.3630740879216812,4025.88,New / Low-Engaged,Normal,Low Priority
CUST-01212,0.9037508503763672,4929.4800000000005,New / Low-Engaged,Normal,Medium Priority
CUST-01213,0.9403851412712003,4666.08,New / Low-Engaged,Normal,Medium Priority
CUST-01214,0.5528763445922962,7239.960000000001,Budget Users,Normal,Medium Priority
CUST-01215,0.5657016599913312,5905.200000000001,At-Risk,Anomaly,Medium Priority
CUST-01216,0.8298347458712223,6857.280000000001,Budget Users,Normal,Critical / High Priority
CUST-01217,0.3310114627264855,5338.68,New / Low-Engaged,Normal,Low Priority
CUST-01218,0.5673474972392986,4791.24,New / Low-Engaged,Normal,Medium Priority
CUST-01219,0.644089897300057,4629.96,New / Low-Engaged,Normal,Medium Priority
CUST-01220,0.06125358415872178,6075.36,At-Risk,Normal,Low Priority
CUST-01221,0.9078690162303136,5157.84,New / Low-Engaged,Normal,Critical / High Priority
CUST-01222,0.6888824062616347,3914.16,New / Low-Engaged,Normal,Medium Priority
CUST-01223,0.7821224114415024,6845.64,At-Risk,Normal,Critical / High Priority
CUST-01224,0.19421707990648307,4350.36,At-Risk,Normal,Low Priority
CUST-01225,0.8991976540538877,6676.68,At-Risk,Normal,Critical / High Priority
CUST-01226,0.09264675171961495,6771.12,Budget Users,Normal,Low Priority
CUST-01227,0.5281863588394295,4871.88,New / Low-Engaged,Normal,Medium Priority
CUST-01228,0.4150877787356333,4086.24,At-Risk,Normal,Low Priority
CUST-01229,0.5103409911159793,3306.7200000000003,New / Low-Engaged,Normal,Medium Priority
CUST-01230,0.627213269593338,3549.4800000000005,New / Low-Engaged,Normal,Medium Priority
CUST-01231,0.7572634257761898,6771.12,Budget Users,Normal,Critical / High Priority
CUST-01232,0.4275205341959594,7434.12,Budget Users,Normal,Low Priority
CUST-01233,0.7099815194271223,7939.5599999999995,At-Risk,Anomaly,Critical / High Priority
CUST-01234,0.6489721590276489,4657.68,New / Low-Engaged,Normal,Medium Priority
CUST-01235,0.5821061107986905,6351.960000000001,At-Risk,Normal,Medium Priority
CUST-01236,0.7260213896884914,6993.599999999999,Budget Users,Normal,Critical / High Priority
CUST-01237,0.6412349372145452,7936.799999999999,Budget Users,Normal,Critical / High Priority
CUST-01238,0.42477300616252534,6909.84,Budget Users,Normal,Low Priority
CUST-01239,0.4823247752480931,7347.719999999999,At-Risk,Normal,Low Priority
CUST-01240,0.25962002183298843,5392.4400000000005,At-Risk,Normal,Low Priority
CUST-01241,0.4787086370303631,6453.599999999999,Budget Users,Normal,Low Priority
CUST-01242,0.335200382071381,6222.599999999999,Budget Users,Normal,Low Priority
CUST-01243,0.587088270624749,4702.200000000001,New / Low-Engaged,Normal,Medium Priority
CUST-01244,0.3349272869921457,3975.3599999999997,New / Low-Engaged,Normal,Low Priority
CUST-01245,0.4081049668674281,5426.88,New / Low-Engaged,Normal,Low Priority
CUST-01246,0.38134358832459475,5329.4400000000005,New / Low-Engaged,Normal,Low Priority
CUST-01247,0.15476920476100114,7874.280000000001,Budget Users,Normal,Low Priority
CUST-01248,0.8419369530162749,6647.280000000001,Budget Users,Normal,Critical / High Priority
CUST-01249,0.4481297265722588,4671.12,New / Low-Engaged,Normal,Low Priority
CUST-01250,0.8744715902376125,5228.88,Loyal High-Value,Normal,Critical / High Priority
CUST-01251,0.4402885554474491,6176.88,At-Risk,Normal,Low Priority
CUST-01252,0.6862874579935019,5984.88,New / Low-Engaged,Normal,Critical / High Priority
CUST-01253,0.09084781617491505,3673.68,Loyal High-Value,Normal,Low Priority
CUST-01254,0.1772449318145327,7203.84,Budget Users,Normal,Low Priority
CUST-01255,0.8775805309480608,4204.32,New / Low-Engaged,Normal,Medium Priority
CUST-01256,0.3982838687917928,7064.039999999999,Budget Users,Normal,Low Priority
CUST-01257,0.38024270571368535,5715.6,New / Low-Engaged,Normal,Low Priority
CUST-01258,0.6521343145987182,4680.6,New / Low-Engaged,Normal,Medium Priority
CUST-01259,0.8106769818588011,5527.799999999999,New / Low-Engaged,Normal,Critical / High Priority
CUST-01260,0.358154818554122,3324.96,New / Low-Engaged,Normal,Low Priority
CUST-01261,0.31545914253588475,8115.960000000001,Budget Users,Normal,Low Priority
CUST-01262,0.054735257680203424,5211.12,New / Low-Engaged,Normal,Low Priority
CUST-01263,0.09535422436940132,3653.5199999999995,New / Low-Engaged,Normal,Low Priority
CUST-01264,0.09723673283033782,4904.76,New / Low-Engaged,Normal,Low Priority
CUST-01265,0.29734868939756115,8618.880000000001,Budget Users,Normal,Low Priority
CUST-01266,0.5714908881164394,6296.88,Budget Users,Normal,Medium Priority
CUST-01267,0.5052227149241623,8518.56,Budget Users,Normal,Medium Priority
CUST-01268,0.32893792478193096,7851.84,Budget Users,Normal,Low Priority
CUST-01269,0.7353333285834012,5811.72,New / Low-Engaged,Normal,Critical / High Priority
CUST-01270,0.8668597301398795,7940.16,Loyal High-Value,Normal,Critical / High Priority
CUST-01271,0.5315583733332926,5707.799999999999,Loyal High-Value,Normal,Medium Priority
CUST-01272,0.8248225234422468,5463.0,At-Risk,Normal,Critical / High Priority
CUST-01273,0.567556342786286,3951.96,New / Low-Engaged,Normal,Medium Priority
CUST-01274,0.5384270821184575,5089.799999999999,New / Low-Engaged,Normal,Medium Priority
CUST-01275,0.7849281085220753,8205.48,Budget Users,Normal,Critical / High Priority
CUST-01276,0.5717327645773157,7073.52,Budget Users,Normal,Medium Priority
CUST-01277,0.4726953592328398,2873.7599999999998,New / Low-Engaged,Normal,Low Priority
CUST-01278,0.0752750611092183,6640.32,At-Risk,Normal,Low Priority
CUST-01279,0.13347964737659823,6267.84,At-Risk,Normal,Low Priority
CUST-01280,0.32010347769321157,5895.24,At-Risk,Anomaly,Low Priority
CUST-01281,0.8616796314639463,5526.36,At-Risk,Normal,Critical / High Priority
CUST-01282,0.8935736376058984,5075.28,Loyal High-Value,Normal,Critical / High Priority
CUST-01283,0.7777291428938118,6199.32,Budget Users,Normal,Critical / High Priority
CUST-01284,0.528816502295545,5573.76,New / Low-Engaged,Normal,Medium Priority
CUST-01285,0.45564855727109593,5181.0,New / Low-Engaged,Normal,Low Priority
CUST-01286,0.5227674273896925,6539.280000000001,Loyal High-Value,Normal,Medium Priority
CUST-01287,0.09465488856567342,5660.64,At-Risk,Normal,Low Priority
CUST-01288,0.2094743798290284,8698.2,Budget Users,Normal,Low Priority
CUST-01289,0.09391120846410428,5826.0,Loyal High-Value,Anomaly,Low Priority
CUST-01290,0.5105120291164383,6961.68,Budget Users,Normal,Medium Priority
CUST-01291,0.33074481173691544,3757.2000000000003,New / Low-Engaged,Normal,Low Priority
CUST-01292,0.4848363659839531,3386.76,New / Low-Engaged,Normal,Low Priority
CUST-01293,0.9482618324974793,7730.88,At-Risk,Normal,Critical / High Priority
CUST-01294,0.16709366856817973,9240.72,Loyal High-Value,Anomaly,Low Priority
CUST-01295,0.870029431319765,5339.04,New / Low-Engaged,Normal,Critical / High Priority
CUST-01296,0.7060410800708613,8776.08,Budget Users,Normal,Critical / High Priority
CUST-01297,0.3161039282699524,5033.28,New / Low-Engaged,Normal,Low Priority
CUST-01298,0.49887161864976415,4703.76,New / Low-Engaged,Normal,Low Priority
CUST-01299,0.8839792948889831,5177.16,New / Low-Engaged,Normal,Critical / High Priority
CUST-01300,0.4934300999765197,4951.32,Loyal High-Value,Normal,Low Priority
CUST-01301,0.22605086107307248,7498.08,Budget Users,Normal,Low Priority
CUST-01302,0.33807259646254306,4470.24,New / Low-Engaged,Normal,Low Priority
CUST-01303,0.18216061993431049,7338.24,Budget Users,Normal,Low Priority
CUST-01304,0.6738123991631036,4683.84,New / Low-Engaged,Normal,Medium Priority
CUST-01305,0.6660683609425525,5448.4800000000005,Loyal High-Value,Normal,Critical / High Priority
CUST-01306,0.2531968061381078,8205.36,Budget Users,Normal,Low Priority
CUST-01307,0.7219275218095267,6024.96,Budget Users,Normal,Critical / High Priority
CUST-01308,0.5417747231283347,3737.16,New / Low-Engaged,Normal,Medium Priority
CUST-01309,0.7223123761420529,6071.64,Loyal High-Value,Normal,Critical / High Priority
CUST-01310,0.5515121402500109,6759.36,Budget Users,Normal,Medium Priority
CUST-01311,0.8963403537589119,8338.44,Budget Users,Normal,Critical / High Priority
CUST-01312,0.8871602573971281,2775.48,New / Low-Engaged,Anomaly,Medium Priority
CUST-01313,0.1803303773358207,6594.960000000001,Budget Users,Normal,Low Priority
CUST-01314,0.6814003061753118,4502.4,New / Low-Engaged,Normal,Medium Priority
CUST-01315,0.6936482156272394,6971.039999999999,Budget Users,Normal,Critical / High Priority
CUST-01316,0.47391617966479005,5897.5199999999995,Budget Users,Normal,Low Priority
CUST-01317,0.5370485467949072,6631.4400000000005,At-Risk,Anomaly,Medium Priority
CUST-01318,0.5209103406782439,2917.68,New / Low-Engaged,Normal,Medium Priority
CUST-01319,0.9263309956098764,6588.24,Loyal High-Value,Normal,Critical / High Priority
CUST-01320,0.4824142759046049,6827.039999999999,At-Risk,Normal,Low Priority
CUST-01321,0.1139931082151564,5822.04,New / Low-Engaged,Normal,Low Priority
CUST-01322,0.09769903540312336,5880.6,New / Low-Engaged,Normal,Low Priority
CUST-01323,0.1584096382596803,4861.08,New / Low-Engaged,Normal,Low Priority
CUST-01324,0.9014475151058609,7227.719999999999,Budget Users,Normal,Critical / High Priority
CUST-01325,0.6211806587635341,4700.4,At-Risk,Normal,Medium Priority
CUST-01326,0.4661224653033529,7952.64,At-Risk,Anomaly,Low Priority
CUST-01327,0.6211849372918401,5442.36,New / Low-Engaged,Normal,Critical / High Priority
CUST-01328,0.12549762493209138,6186.599999999999,At-Risk,Normal,Low Priority
CUST-01329,0.357525759329284,7677.12,Budget Users,Normal,Low Priority
CUST-01330,0.15693882426118644,3372.3599999999997,At-Risk,Normal,Low Priority
CUST-01331,0.5666028688360105,4446.12,At-Risk,Anomaly,Medium Priority
CUST-01332,0.28600800583493396,7456.08,Budget Users,Normal,Low Priority
CUST-01333,0.4030504173165787,5352.96,New / Low-Engaged,Normal,Low Priority
CUST-01334,0.8745605999413391,3709.68,New / Low-Engaged,Normal,Medium Priority
CUST-01335,0.3262473140735847,4314.84,New / Low-Engaged,Normal,Low Priority
CUST-01336,0.05047346859196364,4023.12,New / Low-Engaged,Normal,Low Priority
CUST-01337,0.05580126114778873,6794.76,Loyal High-Value,Normal,Low Priority
CUST-01338,0.6005301198576536,7288.799999999999,Loyal High-Value,Normal,Critical / High Priority
CUST-01339,0.07220222523887301,5306.4,At-Risk,Normal,Low Priority
CUST-01340,0.8790892301633335,4735.92,New / Low-Engaged,Normal,Medium Priority
CUST-01341,0.4029926746698625,6555.36,Budget Users,Normal,Low Priority
CUST-01342,0.19561354323029156,6238.92,Loyal High-Value,Normal,Low Priority
CUST-01343,0.2649180190889307,5041.5599999999995,New / Low-Engaged,Normal,Low Priority
CUST-01344,0.13561348705898246,4599.4800000000005,At-Risk,Normal,Low Priority
CUST-01345,0.8818402558658937,5750.76,At-Risk,Normal,Critical / High Priority
CUST-01346,0.10379910775808018,7671.719999999999,Budget Users,Normal,Low Priority
CUST-01347,0.5623013854151596,6308.039999999999,Budget Users,Normal,Medium Priority
CUST-01348,0.2891856022746777,5590.32,Loyal High-Value,Normal,Low Priority
CUST-01349,0.37880829428038515,5238.72,New / Low-Engaged,Normal,Low Priority
CUST-01350,0.08565551444925716,6153.36,Loyal High-Value,Normal,Low Priority
CUST-01351,0.26300170559411223,8547.36,Budget Users,Normal,Low Priority
CUST-01352,0.050091496230797256,6986.400000000001,Budget Users,Normal,Low Priority
CUST-01353,0.35694487571632455,7478.16,Loyal High-Value,Normal,Low Priority
CUST-01354,0.7804237404710317,3459.12,New / Low-Engaged,Normal,Medium Priority
CUST-01355,0.625168085481647,4884.36,At-Risk,Normal,Medium Priority
CUST-01356,0.762406425492468,3522.0,New / Low-Engaged,Normal,Medium Priority
CUST-01357,0.616789301194517,4387.799999999999,Loyal High-Value,Normal,Medium Priority
CUST-01358,0.08103468296643199,6376.200000000001,Loyal High-Value,Normal,Low Priority
CUST-01359,0.5781002758133637,6334.4400000000005,Budget Users,Normal,Medium Priority
CUST-01360,0.79321967830629,6824.039999999999,Budget Users,Normal,Critical / High Priority
CUST-01361,0.7923759598022444,6159.48,Loyal High-Value,Normal,Critical / High Priority
CUST-01362,0.9131819831209574,7035.24,Budget Users,Normal,Critical / High Priority
CUST-01363,0.9337337084088144,6398.16,Budget Users,Normal,Critical / High Priority
CUST-01364,0.6267485194321867,6026.88,Budget Users,Normal,Critical / High Priority
CUST-01365,0.2258910799355373,6805.799999999999,Budget Users,Normal,Low Priority
CUST-01366,0.8063224803728182,5820.96,Loyal High-Value,Normal,Critical / High Priority
CUST-01367,0.21158842302801123,6841.799999999999,Budget Users,Normal,Low Priority
CUST-01368,0.637218742220655,6471.719999999999,Budget Users,Normal,Critical / High Priority
CUST-01369,0.9173436431685312,4510.799999999999,New / Low-Engaged,Normal,Medium Priority
CUST-01370,0.3044650375487439,7245.0,Budget Users,Normal,Low Priority
CUST-01371,0.5842698088930269,8415.48,At-Risk,Normal,Medium Priority
CUST-01372,0.5437732609682097,2820.12,New / Low-Engaged,Normal,Medium Priority
CUST-01373,0.24012957362073994,6541.68,Budget Users,Normal,Low Priority
CUST-01374,0.8597309812061732,5604.24,Loyal High-Value,Normal,Critical / High Priority
CUST-01375,0.7293141853240257,5677.08,New / Low-Engaged,Normal,Critical / High Priority
CUST-01376,0.17348121575500264,4135.799999999999,New / Low-Engaged,Normal,Low Priority
CUST-01377,0.6701170092558566,7581.24,Budget Users,Normal,Critical / High Priority
CUST-01378,0.3471867449878756,6342.0,Budget Users,Normal,Low Priority
CUST-01379,0.2862395646764013,4165.08,New / Low-Engaged,Normal,Low Priority
CUST-01380,0.9041353787512649,7224.24,Loyal High-Value,Normal,Critical / High Priority
CUST-01381,0.6579657871250174,5564.28,At-Risk,Normal,Critical / High Priority
CUST-01382,0.8626882150010523,5890.08,New / Low-Engaged,Normal,Critical / High Priority
CUST-01383,0.3798025336999968,5014.68,New / Low-Engaged,Normal,Low Priority
CUST-01384,0.11042928786234776,7208.88,Loyal High-Value,Normal,Low Priority
CUST-01385,0.4803936492711429,8937.36,Budget Users,Normal,Low Priority
CUST-01386,0.05933568592035043,5596.200000000001,Loyal High-Value,Normal,Low Priority
CUST-01387,0.9200415755848951,3210.6000000000004,New / Low-Engaged,Normal,Medium Priority
CUST-01388,0.9421287538939245,6880.32,At-Risk,Normal,Critical / High Priority
CUST-01389,0.3603410493509183,6461.16,Budget Users,Normal,Low Priority
CUST-01390,0.9220451907850752,6868.32,Budget Users,Normal,Critical / High Priority
CUST-01391,0.7988374521523706,3333.6000000000004,New / Low-Engaged,Normal,Medium Priority
CUST-01392,0.8413498667558982,8044.32,Budget Users,Normal,Critical / High Priority
CUST-01393,0.4893375963844021,4390.68,New / Low-Engaged,Normal,Low Priority
CUST-01394,0.8641768578935489,6000.4800000000005,New / Low-Engaged,Normal,Critical / High Priority
CUST-01395,0.7436991388410257,8264.64,Budget Users,Normal,Critical / High Priority
CUST-01396,0.2509585160738534,6870.599999999999,Budget Users,Normal,Low Priority
CUST-01397,0.5352846821899133,5465.16,At-Risk,Normal,Medium Priority
CUST-01398,0.3693303235055104,7139.52,Budget Users,Normal,Low Priority
CUST-01399,0.22882788357606998,5627.88,New / Low-Engaged,Normal,Low Priority
CUST-01400,0.31891626147414776,5967.0,Budget Users,Normal,Low Priority
CUST-01401,0.7211486072785118,4461.6,At-Risk,Normal,Medium Priority
CUST-01402,0.5994700082085876,5619.0,Budget Users,Normal,Medium Priority
CUST-01403,0.41357516530971444,5133.12,At-Risk,Normal,Low Priority
CUST-01404,0.37682909718973734,5465.5199999999995,At-Risk,Normal,Low Priority
CUST-01405,0.08834029929521718,7525.08,Loyal High-Value,Normal,Low Priority
CUST-01406,0.4393084305228931,7472.400000000001,Budget Users,Normal,Low Priority
CUST-01407,0.6740059466847107,7836.599999999999,Loyal High-Value,Normal,Critical / High Priority
CUST-01408,0.6941422940777848,6069.6,Budget Users,Normal,Critical / High Priority
CUST-01409,0.7405556292076799,6996.12,Budget Users,Normal,Critical / High Priority
CUST-01410,0.40764201448736653,4467.36,New / Low-Engaged,Normal,Low Priority
CUST-01411,0.17968078748648075,5910.36,Budget Users,Normal,Low Priority
CUST-01412,0.7028455074613125,5145.84,New / Low-Engaged,Normal,Critical / High Priority
CUST-01413,0.9407999753432364,2955.84,New / Low-Engaged,Normal,Medium Priority
CUST-01414,0.5028658459917467,7865.280000000001,Loyal High-Value,Normal,Medium Priority
CUST-01415,0.46656609528523113,4765.32,New / Low-Engaged,Normal,Low Priority
CUST-01416,0.21587966620830207,4951.08,New / Low-Engaged,Normal,Low Priority
CUST-01417,0.780460909149357,4591.5599999999995,New / Low-Engaged,Normal,Medium Priority
CUST-01418,0.49221488208919806,7597.68,Budget Users,Normal,Low Priority
CUST-01419,0.7522888525440966,5766.72,At-Risk,Normal,Critical / High Priority
CUST-01420,0.7070351557739665,5728.799999999999,Budget Users,Normal,Critical / High Priority
CUST-01421,0.53110571647294,6108.72,At-Risk,Normal,Medium Priority
CUST-01422,0.5575818429368021,8069.64,Budget Users,Normal,Medium Priority
CUST-01423,0.13169915166321344,6741.36,Budget Users,Normal,Low Priority
CUST-01424,0.546281784168687,5443.32,New / Low-Engaged,Normal,Medium Priority
CUST-01425,0.7089998157979218,6821.039999999999,Loyal High-Value,Normal,Critical / High Priority
CUST-01426,0.7804593116472737,3126.84,New / Low-Engaged,Normal,Medium Priority
CUST-01427,0.6105152975034109,6125.64,Budget Users,Normal,Critical / High Priority
CUST-01428,0.5106665104541407,3776.04,New / Low-Engaged,Normal,Medium Priority
CUST-01429,0.34418931553931925,6719.76,Budget Users,Normal,Low Priority
CUST-01430,0.7743176217638198,5962.08,Loyal High-Value,Normal,Critical / High Priority
CUST-01431,0.2964842729235347,6658.5599999999995,Budget Users,Normal,Low Priority
CUST-01432,0.240566207302351,6066.12,Loyal High-Value,Normal,Low Priority
CUST-01433,0.17892707024709303,3999.3599999999997,New / Low-Engaged,Normal,Low Priority
CUST-01434,0.7113770020845653,5902.32,Loyal High-Value,Normal,Critical / High Priority
CUST-01435,0.35756603266966186,5486.4,Budget Users,Normal,Low Priority
CUST-01436,0.7170549712010992,5390.5199999999995,New / Low-Engaged,Normal,Critical / High Priority
CUST-01437,0.24975260679067712,4837.799999999999,New / Low-Engaged,Normal,Low Priority
CUST-01438,0.3988759777794978,5074.68,Loyal High-Value,Normal,Low Priority
CUST-01439,0.29981291918566616,4758.72,New / Low-Engaged,Normal,Low Priority
CUST-01440,0.1879242025764245,7351.08,Budget Users,Normal,Low Priority
CUST-01441,0.439522537546443,4881.84,New / Low-Engaged,Normal,Low Priority
CUST-01442,0.9482401183868902,4722.12,New / Low-Engaged,Normal,Medium Priority
CUST-01443,0.5665509879810441,4702.92,At-Risk,Normal,Medium Priority
CUST-01444,0.4038003793857949,4072.7999999999997,New / Low-Engaged,Normal,Low Priority
CUST-01445,0.7986590991182331,6235.5599999999995,New / Low-Engaged,Normal,Critical / High Priority
CUST-01446,0.5700825067687303,7899.0,Budget Users,Normal,Medium Priority
CUST-01447,0.400731418493001,4434.4800000000005,At-Risk,Normal,Low Priority
CUST-01448,0.558569436510542,6224.52,At-Risk,Normal,Medium Priority
CUST-01449,0.12583966198858748,6045.12,Loyal High-Value,Normal,Low Priority
CUST-01450,0.570560734983609,4473.12,New / Low-Engaged,Normal,Medium Priority
CUST-01451,0.09749174987414874,6534.960000000001,Loyal High-Value,Normal,Low Priority
CUST-01452,0.2998953301966973,4387.32,New / Low-Engaged,Normal,Low Priority
CUST-01453,0.25809895888813167,6061.799999999999,Loyal High-Value,Normal,Low Priority
CUST-01454,0.8327495218670351,7524.48,Budget Users,Normal,Critical / High Priority
CUST-01455,0.0850778555690307,6618.84,Budget Users,Normal,Low Priority
CUST-01456,0.5165003047047166,2591.88,New / Low-Engaged,Normal,Medium Priority
CUST-01457,0.6817526801957257,4638.72,New / Low-Engaged,Normal,Medium Priority
CUST-01458,0.25012851342606907,4184.4,New / Low-Engaged,Normal,Low Priority
CUST-01459,0.8896297419043908,7194.599999999999,At-Risk,Normal,Critical / High Priority
CUST-01460,0.20226451297446763,4361.28,New / Low-Engaged,Normal,Low Priority
CUST-01461,0.0707048743223099,4037.6400000000003,New / Low-Engaged,Normal,Low Priority
CUST-01462,0.8155013915942186,5319.72,New / Low-Engaged,Normal,Critical / High Priority
CUST-01463,0.8468839112813736,3534.0,New / Low-Engaged,Normal,Medium Priority
CUST-01464,0.06058279521107987,4785.12,New / Low-Engaged,Normal,Low Priority
CUST-01465,0.43604272678826816,7450.08,Loyal High-Value,Normal,Low Priority
CUST-01466,0.39289427396680277,7056.599999999999,Loyal High-Value,Normal,Low Priority
CUST-01467,0.3555381875992297,6838.4400000000005,Budget Users,Normal,Low Priority
CUST-01468,0.5038615293915785,2933.2799999999997,New / Low-Engaged,Normal,Medium Priority
CUST-01469,0.16804088152340607,5433.36,Loyal High-Value,Anomaly,Low Priority
CUST-01470,0.2875454296844094,4673.28,At-Risk,Normal,Low Priority
CUST-01471,0.15620992514550996,5381.16,At-Risk,Normal,Low Priority
CUST-01472,0.4558624248293761,5253.6,New / Low-Engaged,Normal,Low Priority
CUST-01473,0.7898043166248858,5713.92,Loyal High-Value,Normal,Critical / High Priority
CUST-01474,0.09105946122638697,5470.4400000000005,New / Low-Engaged,Normal,Low Priority
CUST-01475,0.7968713260534853,7071.599999999999,Budget Users,Normal,Critical / High Priority
CUST-01476,0.33453899374745016,6810.84,Budget Users,Normal,Low Priority
CUST-01477,0.722121392400073,8655.48,Budget Users,Normal,Critical / High Priority
CUST-01478,0.15224587926298558,4634.4,New / Low-Engaged,Normal,Low Priority
CUST-01479,0.5682840483129333,5625.96,New / Low-Engaged,Normal,Medium Priority
CUST-01480,0.566690065213028,7881.36,Budget Users,Normal,Medium Priority
CUST-01481,0.11529830061350671,7630.08,Budget Users,Normal,Low Priority
CUST-01482,0.4087361714021209,6807.0,Loyal High-Value,Normal,Low Priority
CUST-01483,0.9118672629511375,4625.76,New / Low-Engaged,Normal,Medium Priority
CUST-01484,0.48332219184065933,4990.68,New / Low-Engaged,Normal,Low Priority
CUST-01485,0.07569820091701482,8114.52,Budget Users,Normal,Low Priority
CUST-01486,0.5937693502566429,8287.2,Budget Users,Normal,Medium Priority
CUST-01487,0.3710709766241815,7143.36,Budget Users,Normal,Low Priority
CUST-01488,0.29741456532298366,5324.76,Loyal High-Value,Normal,Low Priority
CUST-01489,0.36021105993604224,5592.24,Loyal High-Value,Anomaly,Low Priority
CUST-01490,0.3913479912075664,5418.24,New / Low-Engaged,Normal,Low Priority
CUST-01491,0.6838386594783958,4264.5599999999995,New / Low-Engaged,Normal,Medium Priority
CUST-01492,0.5816345809950197,6167.280000000001,New / Low-Engaged,Normal,Medium Priority
CUST-01493,0.37676474057055004,5358.12,Loyal High-Value,Normal,Low Priority
CUST-01494,0.12864949825871494,7570.799999999999,Budget Users,Anomaly,Low Priority
CUST-01495,0.23574473194390277,7217.16,Loyal High-Value,Normal,Low Priority
CUST-01496,0.8491092853700499,7663.68,Budget Users,Normal,Critical / High Priority
CUST-01497,0.7659526640415715,4688.16,New / Low-Engaged,Normal,Medium Priority
CUST-01498,0.594674204503075,7056.719999999999,Loyal High-Value,Normal,Medium Priority
CUST-01499,0.4822865133167385,3679.92,New / Low-Engaged,Normal,Low Priority
CUST-01500,0.9119508330659973,7573.799999999999,Budget Users,Normal,Critical / High Priority
CUST-01501,0.4137071356727328,5632.92,New / Low-Engaged,Normal,Low Priority
CUST-01502,0.2816915814791345,7641.960000000001,Budget Users,Normal,Low Priority
CUST-01503,0.7489310901860535,7584.48,Loyal High-Value,Normal,Critical / High Priority
CUST-01504,0.5656467915634322,5677.4400000000005,At-Risk,Anomaly,Medium Priority
CUST-01505,0.15704650870397757,5822.04,New / Low-Engaged,Normal,Low Priority
CUST-01506,0.06737116372791882,8064.24,Loyal High-Value,Normal,Low Priority
CUST-01507,0.37197387561750866,4356.4800000000005,New / Low-Engaged,Anomaly,Low Priority
CUST-01508,0.15807524178828258,3951.12,New / Low-Engaged,Normal,Low Priority
CUST-01509,0.22927523265544142,6189.599999999999,Loyal High-Value,Normal,Low Priority
CUST-01510,0.662245938463622,7354.799999999999,Budget Users,Normal,Critical / High Priority
CUST-01511,0.9028417768886725,7165.68,Budget Users,Normal,Critical / High Priority
CUST-01512,0.05905172937719169,4887.24,New / Low-Engaged,Normal,Low Priority
CUST-01513,0.7516805547830334,3836.6400000000003,New / Low-Engaged,Normal,Medium Priority
CUST-01514,0.5419101085682466,4961.4,New / Low-Engaged,Normal,Medium Priority
CUST-01515,0.10564413112630583,5881.68,Budget Users,Normal,Low Priority
CUST-01516,0.5782202460391525,6640.799999999999,Budget Users,Normal,Medium Priority
CUST-01517,0.38657641469956777,5644.08,At-Risk,Normal,Low Priority
CUST-01518,0.45296575576803294,4841.88,At-Risk,Normal,Low Priority
CUST-01519,0.28464335142467934,3301.32,New / Low-Engaged,Normal,Low Priority
CUST-01520,0.7871768600821435,6357.719999999999,Loyal High-Value,Normal,Critical / High Priority
CUST-01521,0.22216982718131967,8744.64,Budget Users,Normal,Low Priority
CUST-01522,0.371762259639336,3763.7999999999997,New / Low-Engaged,Normal,Low Priority
CUST-01523,0.32641225848673205,5706.6,New / Low-Engaged,Normal,Low Priority
CUST-01524,0.13682600083371088,5276.04,New / Low-Engaged,Normal,Low Priority
CUST-01525,0.8932030737042267,7233.719999999999,At-Risk,Normal,Critical / High Priority
CUST-01526,0.8355345840155228,7344.960000000001,Budget Users,Normal,Critical / High Priority
CUST-01527,0.2723462800948558,7753.68,Budget Users,Normal,Low Priority
CUST-01528,0.4244347584561231,5632.4400000000005,Budget Users,Normal,Low Priority
CUST-01529,0.4006567095234589,8114.039999999999,Budget Users,Normal,Low Priority
CUST-01530,0.9414912256958613,7031.280000000001,Loyal High-Value,Normal,Critical / High Priority
CUST-01531,0.3390368968966718,6239.64,Budget Users,Normal,Low Priority
CUST-01532,0.6981735906408172,7685.76,Budget Users,Normal,Critical / High Priority
CUST-01533,0.17913522101526186,5949.84,New / Low-Engaged,Normal,Low Priority
CUST-01534,0.08488698616209281,4359.84,New / Low-Engaged,Normal,Low Priority
CUST-01535,0.14031059220858866,8340.0,Budget Users,Normal,Low Priority
CUST-01536,0.9465562503355902,5027.28,New / Low-Engaged,Normal,Critical / High Priority
CUST-01537,0.1260648923770085,4980.84,New / Low-Engaged,Normal,Low Priority
CUST-01538,0.23880330145273554,4921.5599999999995,New / Low-Engaged,Normal,Low Priority
CUST-01539,0.8136610786363777,6416.039999999999,Loyal High-Value,Normal,Critical / High Priority
CUST-01540,0.5826206503753538,4392.12,At-Risk,Normal,Medium Priority
CUST-01541,0.22214588931334323,6222.599999999999,Budget Users,Normal,Low Priority
CUST-01542,0.11194645137144266,3832.08,Loyal High-Value,Anomaly,Low Priority
CUST-01543,0.9228491842135839,4101.36,New / Low-Engaged,Normal,Medium Priority
CUST-01544,0.905687779980431,5446.92,Loyal High-Value,Normal,Critical / High Priority
CUST-01545,0.9210033253562014,4801.5599999999995,New / Low-Engaged,Normal,Medium Priority
CUST-01546,0.41328500041864624,4788.0,New / Low-Engaged,Normal,Low Priority
CUST-01547,0.3267351022641699,3659.04,New / Low-Engaged,Normal,Low Priority
CUST-01548,0.6651180699497401,4867.5599999999995,New / Low-Engaged,Normal,Medium Priority
CUST-01549,0.17171160558833107,4782.24,Loyal High-Value,Normal,Low Priority
CUST-01550,0.20911958989023033,6592.5599999999995,Budget Users,Normal,Low Priority
CUST-01551,0.86278425444035,5340.96,At-Risk,Normal,Critical / High Priority
CUST-01552,0.3270181574513516,6335.400000000001,Budget Users,Normal,Low Priority
CUST-01553,0.149852935141013,5947.32,New / Low-Engaged,Normal,Low Priority
CUST-01554,0.8736206291184226,6551.039999999999,Budget Users,Normal,Critical / High Priority
CUST-01555,0.699537404180233,7564.799999999999,Budget Users,Normal,Critical / High Priority
CUST-01556,0.7755086899110556,4113.12,New / Low-Engaged,Normal,Medium Priority
CUST-01557,0.14448985118718466,3261.3599999999997,New / Low-Engaged,Normal,Low Priority
CUST-01558,0.5378953173458544,5296.92,Budget Users,Normal,Medium Priority
CUST-01559,0.7325573983258343,7986.12,Budget Users,Normal,Critical / High Priority
CUST-01560,0.8852281287681658,6293.16,Loyal High-Value,Normal,Critical / High Priority
CUST-01561,0.6041155200629956,4739.16,New / Low-Engaged,Normal,Medium Priority
CUST-01562,0.8353824896685816,7031.280000000001,Budget Users,Normal,Critical / High Priority
CUST-01563,0.26352800226065604,7755.36,Budget Users,Normal,Low Priority
CUST-01564,0.25527186634862187,5644.32,At-Risk,Normal,Low Priority
CUST-01565,0.47444469420892366,5658.96,Loyal High-Value,Normal,Low Priority
CUST-01566,0.3973862375112235,7189.4400000000005,At-Risk,Normal,Low Priority
CUST-01567,0.4931771952904446,4589.88,New / Low-Engaged,Normal,Low Priority
CUST-01568,0.5375723965103716,3926.3999999999996,At-Risk,Normal,Medium Priority
CUST-01569,0.8496703018803236,8453.16,Budget Users,Normal,Critical / High Priority
CUST-01570,0.8196958352943059,5344.799999999999,New / Low-Engaged,Normal,Critical / High Priority
CUST-01571,0.4121859983735093,6478.4400000000005,Budget Users,Normal,Low Priority
CUST-01572,0.3772296675131195,3827.16,New / Low-Engaged,Normal,Low Priority
CUST-01573,0.2683229931411668,5522.64,Budget Users,Normal,Low Priority
CUST-01574,0.6312823013944561,5816.04,At-Risk,Normal,Critical / High Priority
CUST-01575,0.2886246023937038,5526.72,Budget Users,Normal,Low Priority
CUST-01576,0.8443365770324319,6365.16,Loyal High-Value,Normal,Critical / High Priority
CUST-01577,0.4678255871619187,6015.12,At-Risk,Normal,Low Priority
CUST-01578,0.8294707226547532,6987.48,Loyal High-Value,Normal,Critical / High Priority
CUST-01579,0.24548295111324592,6280.08,Budget Users,Normal,Low Priority
CUST-01580,0.6497828780975047,4683.4800000000005,At-Risk,Normal,Medium Priority
CUST-01581,0.5578419258248417,6808.08,Budget Users,Normal,Medium Priority
CUST-01582,0.6918738850422611,8020.08,Budget Users,Normal,Critical / High Priority
CUST-01583,0.7455405740742267,4590.84,New / Low-Engaged,Normal,Medium Priority
CUST-01584,0.4188282959286998,8292.36,Budget Users,Normal,Low Priority
CUST-01585,0.15445739222256938,5561.64,Loyal High-Value,Normal,Low Priority
CUST-01586,0.49460626845053607,5650.5599999999995,New / Low-Engaged,Normal,Low Priority
CUST-01587,0.08195867013832436,5893.08,Loyal High-Value,Normal,Low Priority
CUST-01588,0.06838612173501042,4021.56,New / Low-Engaged,Normal,Low Priority
CUST-01589,0.9142433868105799,3891.7200000000003,New / Low-Engaged,Normal,Medium Priority
CUST-01590,0.21057980317992508,6037.32,Budget Users,Normal,Low Priority
CUST-01591,0.29350532181927563,2637.0,New / Low-Engaged,Normal,Low Priority
CUST-01592,0.3325939703249119,4049.76,New / Low-Engaged,Normal,Low Priority
CUST-01593,0.2539121657964439,5478.4800000000005,New / Low-Engaged,Normal,Low Priority
CUST-01594,0.6974719362875647,5829.4800000000005,Loyal High-Value,Normal,Critical / High Priority
CUST-01595,0.5659053786849475,5581.68,New / Low-Engaged,Normal,Medium Priority
CUST-01596,0.9014783258555344,6178.68,At-Risk,Normal,Critical / High Priority
CUST-01597,0.12277772030995454,5618.28,At-Risk,Normal,Low Priority
CUST-01598,0.6822190947350193,6720.36,Budget Users,Normal,Critical / High Priority
CUST-01599,0.9440978831244936,5988.24,New / Low-Engaged,Normal,Critical / High Priority
CUST-01600,0.2589973383665002,5026.799999999999,New / Low-Engaged,Normal,Low Priority
CUST-01601,0.08765184501584894,6981.36,Loyal High-Value,Normal,Low Priority
CUST-01602,0.6167190826814695,9737.76,Budget Users,Anomaly,Critical / High Priority
CUST-01603,0.8225523728469899,7285.68,Budget Users,Normal,Critical / High Priority
CUST-01604,0.4682688110308114,5542.08,At-Risk,Normal,Low Priority
CUST-01605,0.5933502438989665,6742.68,Loyal High-Value,Normal,Medium Priority
CUST-01606,0.9097687463184431,4031.3999999999996,New / Low-Engaged,Normal,Medium Priority
CUST-01607,0.5950709910413338,3315.84,New / Low-Engaged,Normal,Medium Priority
CUST-01608,0.5263964565969363,2746.08,New / Low-Engaged,Normal,Medium Priority
CUST-01609,0.24811158655118232,5120.88,Budget Users,Normal,Low Priority
CUST-01610,0.40442402820664103,7230.48,Budget Users,Normal,Low Priority
CUST-01611,0.6465038349205359,7152.719999999999,At-Risk,Normal,Critical / High Priority
CUST-01612,0.1402096360606077,8773.2,Budget Users,Anomaly,Low Priority
CUST-01613,0.4787237434403818,4887.84,New / Low-Engaged,Normal,Low Priority
CUST-01614,0.2140727117861813,3964.68,New / Low-Engaged,Normal,Low Priority
CUST-01615,0.40360639338562465,5826.96,Budget Users,Normal,Low Priority
CUST-01616,0.725080712803119,6478.92,Budget Users,Normal,Critical / High Priority
CUST-01617,0.8290466803305316,4669.08,New / Low-Engaged,Normal,Medium Priority
CUST-01618,0.11628775646938234,5029.799999999999,New / Low-Engaged,Normal,Low Priority
CUST-01619,0.2620842915938151,7639.08,Loyal High-Value,Normal,Low Priority
CUST-01620,0.4139232976687918,4929.36,New / Low-Engaged,Normal,Low Priority
CUST-01621,0.1385921886074425,4196.76,New / Low-Engaged,Normal,Low Priority
CUST-01622,0.09494351710567045,6411.960000000001,At-Risk,Normal,Low Priority
CUST-01623,0.22551932483152665,6787.32,Budget Users,Normal,Low Priority
CUST-01624,0.7953332994245881,6699.599999999999,At-Risk,Normal,Critical / High Priority
CUST-01625,0.1363382939160013,4692.12,At-Risk,Normal,Low Priority
CUST-01626,0.37201559317204663,4315.799999999999,New / Low-Engaged,Normal,Low Priority
CUST-01627,0.07899234725473066,6917.88,Budget Users,Normal,Low Priority
CUST-01628,0.6070007700183071,5334.4800000000005,Loyal High-Value,Normal,Critical / High Priority
CUST-01629,0.3355055444820742,4952.76,New / Low-Engaged,Normal,Low Priority
CUST-01630,0.4738623731626051,3356.88,New / Low-Engaged,Normal,Low Priority
CUST-01631,0.2672137006923055,6524.039999999999,New / Low-Engaged,Normal,Low Priority
CUST-01632,0.9097454100475257,7773.24,Budget Users,Normal,Critical / High Priority
CUST-01633,0.8298669970874881,6328.4400000000005,Budget Users,Normal,Critical / High Priority
CUST-01634,0.21290283406071014,7545.24,Loyal High-Value,Normal,Low Priority
CUST-01635,0.4424337697858461,7442.76,Budget Users,Normal,Low Priority
CUST-01636,0.3935943043371633,5700.12,At-Risk,Normal,Low Priority
CUST-01637,0.7745324904385398,3910.68,At-Risk,Normal,Medium Priority
CUST-01638,0.23955012330566322,6790.68,Loyal High-Value,Normal,Low Priority
CUST-01639,0.18995085774000786,4438.92,New / Low-Engaged,Normal,Low Priority
CUST-01640,0.11967434127584049,5921.76,Budget Users,Normal,Low Priority
CUST-01641,0.9226239900922183,7199.76,Loyal High-Value,Normal,Critical / High Priority
CUST-01642,0.12207407357439212,7173.24,Loyal High-Value,Normal,Low Priority
CUST-01643,0.42191486552425617,3360.24,New / Low-Engaged,Normal,Low Priority
CUST-01644,0.9051453055127887,5760.12,New / Low-Engaged,Normal,Critical / High Priority
CUST-01645,0.44724792181023293,6618.0,Loyal High-Value,Normal,Low Priority
CUST-01646,0.37867720460122356,5400.36,New / Low-Engaged,Normal,Low Priority
CUST-01647,0.5625236611831556,6322.32,Budget Users,Normal,Medium Priority
CUST-01648,0.1563373087744356,4770.6,New / Low-Engaged,Normal,Low Priority
CUST-01649,0.8950445206219244,5399.5199999999995,At-Risk,Normal,Critical / High Priority
CUST-01650,0.11961775878039885,5192.28,At-Risk,Normal,Low Priority
CUST-01651,0.2994296062860651,7441.5599999999995,Loyal High-Value,Normal,Low Priority
CUST-01652,0.8464525555563128,4336.5599999999995,New / Low-Engaged,Normal,Medium Priority
CUST-01653,0.3717803435404191,4312.32,New / Low-Engaged,Normal,Low Priority
CUST-01654,0.30745898304954056,3557.16,New / Low-Engaged,Normal,Low Priority
CUST-01655,0.20405415425993145,5576.76,Budget Users,Normal,Low Priority
CUST-01656,0.4011593202788204,7184.400000000001,Budget Users,Normal,Low Priority
CUST-01657,0.3159431403163124,4325.28,At-Risk,Normal,Low Priority
CUST-01658,0.7050982257815919,8000.039999999999,Budget Users,Normal,Critical / High Priority
CUST-01659,0.6878122707850988,6029.04,Budget Users,Normal,Critical / High Priority
CUST-01660,0.3801912748571731,6384.12,At-Risk,Normal,Low Priority
CUST-01661,0.6385781345414709,3580.44,New / Low-Engaged,Normal,Medium Priority
CUST-01662,0.7309988292173561,6301.200000000001,At-Risk,Normal,Critical / High Priority
CUST-01663,0.9406806022557714,6459.12,At-Risk,Normal,Critical / High Priority
CUST-01664,0.3915988530206686,4976.88,New / Low-Engaged,Normal,Low Priority
CUST-01665,0.7132080784362143,6334.200000000001,Budget Users,Normal,Critical / High Priority
CUST-01666,0.3993406353239783,5536.4400000000005,Budget Users,Normal,Low Priority
CUST-01667,0.6122637061037923,8467.44,Budget Users,Normal,Critical / High Priority
CUST-01668,0.8421088963633289,3410.3999999999996,New / Low-Engaged,Normal,Medium Priority
CUST-01669,0.23880519229952546,5946.72,Budget Users,Normal,Low Priority
CUST-01670,0.49451939715476667,6403.4400000000005,Budget Users,Normal,Low Priority
CUST-01671,0.24961004688529775,4787.64,New / Low-Engaged,Normal,Low Priority
CUST-01672,0.47000282587163966,5729.64,Loyal High-Value,Normal,Low Priority
CUST-01673,0.6786984500610309,5480.4,Budget Users,Normal,Critical / High Priority
CUST-01674,0.8129941628703098,6691.4400000000005,Budget Users,Normal,Critical / High Priority
CUST-01675,0.7477720193097616,3628.32,New / Low-Engaged,Normal,Medium Priority
CUST-01676,0.3122805243659077,4427.16,New / Low-Engaged,Normal,Low Priority
CUST-01677,0.06092356147521624,4425.36,New / Low-Engaged,Normal,Low Priority
CUST-01678,0.6376283220227313,5951.64,Loyal High-Value,Normal,Critical / High Priority
CUST-01679,0.7812644035327483,3889.44,New / Low-Engaged,Normal,Medium Priority
CUST-01680,0.9386627506565712,4016.16,Loyal High-Value,Normal,Medium Priority
CUST-01681,0.432383435112098,5792.64,Budget Users,Normal,Low Priority
CUST-01682,0.3104689604491825,8186.280000000001,Budget Users,Normal,Low Priority
CUST-01683,0.8792807888581636,8281.08,Budget Users,Normal,Critical / High Priority
CUST-01684,0.21146492178389115,6056.88,New / Low-Engaged,Normal,Low Priority
CUST-01685,0.43742706181387103,7684.5599999999995,Budget Users,Normal,Low Priority
CUST-01686,0.8886036997050676,3097.32,New / Low-Engaged,Normal,Medium Priority
CUST-01687,0.7721636770138252,4218.6,New / Low-Engaged,Normal,Medium Priority
CUST-01688,0.25953915946394635,5108.88,Loyal High-Value,Normal,Low Priority
CUST-01689,0.5478075643987579,6632.400000000001,Budget Users,Normal,Medium Priority
CUST-01690,0.17983310865391489,6246.36,Loyal High-Value,Normal,Low Priority
CUST-01691,0.16631541512167186,7981.200000000001,Loyal High-Value,Normal,Low Priority
CUST-01692,0.4587267250468543,5071.32,At-Risk,Normal,Low Priority
CUST-01693,0.13549545989688933,4891.68,New / Low-Engaged,Normal,Low Priority
CUST-01694,0.5104752987171564,7683.719999999999,Budget Users,Normal,Medium Priority
CUST-01695,0.781115157507343,4232.28,New / Low-Engaged,Normal,Medium Priority
CUST-01696,0.7218787087009881,4973.64,New / Low-Engaged,Normal,Medium Priority
CUST-01697,0.8129457448427717,7627.4400000000005,Budget Users,Normal,Critical / High Priority
CUST-01698,0.7116536912558491,7463.76,Budget Users,Normal,Critical / High Priority
CUST-01699,0.31868503287932626,6722.76,Budget Users,Normal,Low Priority
CUST-01700,0.7962981173765071,4603.5599999999995,New / Low-Engaged,Normal,Medium Priority
CUST-01701,0.8619028045511518,7316.400000000001,Budget Users,Normal,Critical / High Priority
CUST-01702,0.34013699697825306,6971.280000000001,Budget Users,Normal,Low Priority
CUST-01703,0.790761905428237,7736.039999999999,Loyal High-Value,Normal,Critical / High Priority
CUST-01704,0.6448881565297517,8395.44,Budget Users,Normal,Critical / High Priority
CUST-01705,0.30623874805936013,5028.6,Loyal High-Value,Normal,Low Priority
CUST-01706,0.3034444158658699,6573.0,Budget Users,Normal,Low Priority
CUST-01707,0.7038453249748708,6786.84,Loyal High-Value,Normal,Critical / High Priority
CUST-01708,0.575586521688943,5557.68,At-Risk,Normal,Medium Priority
CUST-01709,0.49403057513597204,3178.68,New / Low-Engaged,Normal,Low Priority
CUST-01710,0.1874623652269971,5731.32,At-Risk,Normal,Low Priority
CUST-01711,0.1148113694835199,4146.6,New / Low-Engaged,Normal,Low Priority
CUST-01712,0.11235060509944583,7801.799999999999,Budget Users,Normal,Low Priority
CUST-01713,0.1778276047271623,6726.599999999999,Loyal High-Value,Normal,Low Priority
CUST-01714,0.45343314891572917,4487.5199999999995,At-Risk,Normal,Low Priority
CUST-01715,0.18603704226952578,3784.7999999999997,New / Low-Engaged,Normal,Low Priority
CUST-01716,0.7657616941273655,7836.599999999999,Budget Users,Normal,Critical / High Priority
CUST-01717,0.3201178346758528,6095.04,Loyal High-Value,Normal,Low Priority
CUST-01718,0.6006311855935709,5402.88,New / Low-Engaged,Normal,Critical / High Priority
CUST-01719,0.8239342783165494,4541.76,New / Low-Engaged,Normal,Medium Priority
CUST-01720,0.34698338236093923,2861.2799999999997,New / Low-Engaged,Normal,Low Priority
CUST-01721,0.44599418846589794,5630.04,At-Risk,Normal,Low Priority
CUST-01722,0.43636190706987504,4997.4,New / Low-Engaged,Normal,Low Priority
CUST-01723,0.6018208391101016,5039.04,New / Low-Engaged,Normal,Critical / High Priority
CUST-01724,0.2677535763585832,5734.68,At-Risk,Normal,Low Priority
CUST-01725,0.5240902037974629,7739.16,Budget Users,Normal,Medium Priority
CUST-01726,0.1757810293877759,5431.5599999999995,New / Low-Engaged,Normal,Low Priority
CUST-01727,0.8645617775691016,4586.16,New / Low-Engaged,Normal,Medium Priority
CUST-01728,0.10242502120466773,5714.04,At-Risk,Normal,Low Priority
CUST-01729,0.2050589716948254,6778.200000000001,Budget Users,Normal,Low Priority
CUST-01730,0.8711676090419176,4210.08,New / Low-Engaged,Normal,Medium Priority
CUST-01731,0.8753101161185878,7236.719999999999,Budget Users,Normal,Critical / High Priority
CUST-01732,0.34703981382116506,7029.960000000001,Budget Users,Normal,Low Priority
CUST-01733,0.899570812750185,5388.0,New / Low-Engaged,Normal,Critical / High Priority
CUST-01734,0.1456341670792189,4023.96,New / Low-Engaged,Normal,Low Priority
CUST-01735,0.5683475823807868,4083.96,New / Low-Engaged,Normal,Medium Priority
CUST-01736,0.29822632356995576,8368.68,Budget Users,Normal,Low Priority
CUST-01737,0.6449815553800363,4452.72,New / Low-Engaged,Normal,Medium Priority
CUST-01738,0.797074381954424,3234.24,New / Low-Engaged,Anomaly,Medium Priority
CUST-01739,0.789876934885628,6760.4400000000005,Budget Users,Normal,Critical / High Priority
CUST-01740,0.10923880898811769,5875.200000000001,At-Risk,Normal,Low Priority
CUST-01741,0.6190830031403364,6494.88,Budget Users,Normal,Critical / High Priority
CUST-01742,0.5356415192558351,6451.4400000000005,Budget Users,Normal,Medium Priority
CUST-01743,0.10282467908851475,9284.76,Budget Users,Normal,Low Priority
CUST-01744,0.9157827016368913,4622.4,New / Low-Engaged,Normal,Medium Priority
CUST-01745,0.7504574619723844,4312.08,New / Low-Engaged,Normal,Medium Priority
CUST-01746,0.36517982849944336,5358.84,Budget Users,Normal,Low Priority
CUST-01747,0.4091140446861088,7209.24,Loyal High-Value,Normal,Low Priority
CUST-01748,0.2920704778561223,7082.039999999999,At-Risk,Normal,Low Priority
CUST-01749,0.7046710538402956,3552.24,New / Low-Engaged,Normal,Medium Priority
CUST-01750,0.2898166564872014,6634.68,Budget Users,Normal,Low Priority
CUST-01751,0.7469537326065896,8677.08,Budget Users,Normal,Critical / High Priority
CUST-01752,0.699755280461356,6060.12,Budget Users,Normal,Critical / High Priority
CUST-01753,0.09186608721717318,5231.76,New / Low-Engaged,Normal,Low Priority
CUST-01754,0.9236248309880855,4898.4,New / Low-Engaged,Normal,Medium Priority
CUST-01755,0.8372595130728226,3725.76,New / Low-Engaged,Normal,Medium Priority
CUST-01756,0.31338432417987017,5922.6,Loyal High-Value,Anomaly,Low Priority
CUST-01757,0.8138265869370935,6143.16,At-Risk,Anomaly,Critical / High Priority
CUST-01758,0.5739375684231529,5132.5199999999995,At-Risk,Normal,Medium Priority
CUST-01759,0.6149041498707658,2802.84,New / Low-Engaged,Normal,Medium Priority
CUST-01760,0.776564431710134,6307.200000000001,Loyal High-Value,Normal,Critical / High Priority
CUST-01761,0.2666457431332855,7810.32,Budget Users,Normal,Low Priority
CUST-01762,0.39814716517949644,6802.200000000001,At-Risk,Normal,Low Priority
CUST-01763,0.9052246530482609,3283.68,New / Low-Engaged,Normal,Medium Priority
CUST-01764,0.4686104812717963,5418.0,New / Low-Engaged,Normal,Low Priority
CUST-01765,0.9404797799769117,5934.6,Loyal High-Value,Normal,Critical / High Priority
CUST-01766,0.4931548465664449,6970.4400000000005,Budget Users,Normal,Low Priority
CUST-01767,0.08655590804391552,6067.5599999999995,Loyal High-Value,Normal,Low Priority
CUST-01768,0.7931448324577715,5059.08,New / Low-Engaged,Normal,Critical / High Priority
CUST-01769,0.4623855008238814,8016.84,Loyal High-Value,Normal,Low Priority
CUST-01770,0.8161820832075678,7557.719999999999,Budget Users,Normal,Critical / High Priority
CUST-01771,0.9090810767102718,5676.24,New / Low-Engaged,Normal,Critical / High Priority
CUST-01772,0.14222192740573114,5362.5599999999995,At-Risk,Normal,Low Priority
CUST-01773,0.6162081235434821,5701.200000000001,At-Risk,Normal,Critical / High Priority
CUST-01774,0.12284572416907051,3213.6000000000004,New / Low-Engaged,Normal,Low Priority
CUST-01775,0.8894460446633564,7060.5599999999995,Budget Users,Normal,Critical / High Priority
CUST-01776,0.8231867427548407,3352.2000000000003,New / Low-Engaged,Normal,Medium Priority
CUST-01777,0.22420673050913964,3396.96,New / Low-Engaged,Normal,Low Priority
CUST-01778,0.6383892724917938,7803.599999999999,Loyal High-Value,Normal,Critical / High Priority
CUST-01779,0.7025671945361046,5347.68,New / Low-Engaged,Normal,Critical / High Priority
CUST-01780,0.5308262974588072,5157.0,New / Low-Engaged,Normal,Medium Priority
CUST-01781,0.3379778627302294,6463.68,Loyal High-Value,Normal,Low Priority
CUST-01782,0.44144109567673634,5901.36,At-Risk,Normal,Low Priority
CUST-01783,0.7893587928806949,5489.4,Budget Users,Normal,Critical / High Priority
CUST-01784,0.8680659763070965,4465.799999999999,New / Low-Engaged,Normal,Medium Priority
CUST-01785,0.422726381404609,7770.0,Budget Users,Normal,Low Priority
CUST-01786,0.6271694271252792,5426.5199999999995,New / Low-Engaged,Normal,Critical / High Priority
CUST-01787,0.5268216001318987,3560.04,New / Low-Engaged,Normal,Medium Priority
CUST-01788,0.48789733865436186,7995.960000000001,Loyal High-Value,Normal,Low Priority
CUST-01789,0.1959101246629159,6748.5599999999995,Budget Users,Normal,Low Priority
CUST-01790,0.11532280503540322,4531.92,New / Low-Engaged,Normal,Low Priority
CUST-01791,0.8657437032505301,5781.96,Loyal High-Value,Normal,Critical / High Priority
CUST-01792,0.7930921840691093,4071.0,New / Low-Engaged,Normal,Medium Priority
CUST-01793,0.5592728414882073,5623.200000000001,Loyal High-Value,Normal,Medium Priority
CUST-01794,0.8534876316215355,5693.28,New / Low-Engaged,Normal,Critical / High Priority
CUST-01795,0.5140672718277807,3547.68,New / Low-Engaged,Normal,Medium Priority
CUST-01796,0.48916862333740974,5945.88,At-Risk,Normal,Low Priority
CUST-01797,0.3206767197353113,7679.52,Budget Users,Normal,Low Priority
CUST-01798,0.8997656206138173,6981.960000000001,Budget Users,Normal,Critical / High Priority
CUST-01799,0.41827995189603345,7551.719999999999,Budget Users,Normal,Low Priority
CUST-01800,0.4983377300639735,6686.76,Loyal High-Value,Anomaly,Low Priority
CUST-01801,0.6230697740297377,5191.32,New / Low-Engaged,Normal,Critical / High Priority
CUST-01802,0.20138897114243354,6103.08,Loyal High-Value,Normal,Low Priority
CUST-01803,0.5014649062361352,6139.08,New / Low-Engaged,Normal,Medium Priority
CUST-01804,0.7221002629824493,7192.68,Budget Users,Normal,Critical / High Priority
CUST-01805,0.14128275756652448,7155.48,Loyal High-Value,Normal,Low Priority
CUST-01806,0.14243385077313375,6215.400000000001,At-Risk,Normal,Low Priority
CUST-01807,0.7034671270983947,3966.96,At-Risk,Normal,Medium Priority
CUST-01808,0.26649587771620803,6399.24,Loyal High-Value,Normal,Low Priority
CUST-01809,0.11688994766285424,5068.68,Loyal High-Value,Anomaly,Low Priority
CUST-01810,0.31461440998475343,5349.0,New / Low-Engaged,Normal,Low Priority
CUST-01811,0.11379808182822478,6723.84,Budget Users,Normal,Low Priority
CUST-01812,0.14584883844607227,5290.5599999999995,At-Risk,Normal,Low Priority
CUST-01813,0.25478715431771926,5639.4,New / Low-Engaged,Normal,Low Priority
CUST-01814,0.2649515252593498,7049.52,Budget Users,Normal,Low Priority
CUST-01815,0.6899476809570503,5939.88,Budget Users,Normal,Critical / High Priority
CUST-01816,0.14632021837555595,5202.96,New / Low-Engaged,Normal,Low Priority
CUST-01817,0.16957834441261121,4698.4800000000005,New / Low-Engaged,Normal,Low Priority
CUST-01818,0.48516270606483025,4417.92,At-Risk,Normal,Low Priority
CUST-01819,0.41145653899590684,6618.36,Budget Users,Normal,Low Priority
CUST-01820,0.5388788280539992,2677.68,New / Low-Engaged,Normal,Medium Priority
CUST-01821,0.7468864036730964,4256.5199999999995,New / Low-Engaged,Normal,Medium Priority
CUST-01822,0.6295576807646264,4001.88,New / Low-Engaged,Normal,Medium Priority
CUST-01823,0.2179513776735345,5976.84,At-Risk,Normal,Low Priority
CUST-01824,0.8126833161373946,4194.0,New / Low-Engaged,Normal,Medium Priority
CUST-01825,0.11897129078655513,5949.12,Loyal High-Value,Normal,Low Priority
CUST-01826,0.7458732852554982,5683.08,New / Low-Engaged,Normal,Critical / High Priority
CUST-01827,0.1926049158104779,4423.799999999999,At-Risk,Normal,Low Priority
CUST-01828,0.5616461813553242,6584.76,At-Risk,Normal,Medium Priority
CUST-01829,0.31102481731462883,4766.4,New / Low-Engaged,Normal,Low Priority
CUST-01830,0.22696201766919905,3399.7200000000003,New / Low-Engaged,Normal,Low Priority
CUST-01831,0.336948233146178,5786.64,Budget Users,Normal,Low Priority
CUST-01832,0.7644709726204436,6357.599999999999,Budget Users,Normal,Critical / High Priority
CUST-01833,0.8105665314651098,5793.24,At-Risk,Normal,Critical / High Priority
CUST-01834,0.2376277815033142,5683.92,Loyal High-Value,Normal,Low Priority
CUST-01835,0.5109445126265644,6338.88,Loyal High-Value,Normal,Medium Priority
CUST-01836,0.6626090483508819,4045.92,New / Low-Engaged,Normal,Medium Priority
CUST-01837,0.11624094920526298,6566.76,At-Risk,Normal,Low Priority
CUST-01838,0.1987261642187093,5100.4800000000005,New / Low-Engaged,Normal,Low Priority
CUST-01839,0.38681999955263635,4134.84,New / Low-Engaged,Normal,Low Priority
CUST-01840,0.5509386506119531,5724.96,Loyal High-Value,Normal,Medium Priority
CUST-01841,0.05783704548121798,5353.08,New / Low-Engaged,Normal,Low Priority
CUST-01842,0.0867322730776739,4584.6,Loyal High-Value,Normal,Low Priority
CUST-01843,0.6492307400506593,8181.599999999999,At-Risk,Normal,Critical / High Priority
CUST-01844,0.23013198522844502,7989.0,Budget Users,Normal,Low Priority
CUST-01845,0.8132465137825156,7829.64,Budget Users,Normal,Critical / High Priority
CUST-01846,0.46545141509255256,3974.76,New / Low-Engaged,Normal,Low Priority
CUST-01847,0.22696148830640905,4455.84,At-Risk,Normal,Low Priority
CUST-01848,0.25280396854727843,5878.799999999999,Budget Users,Normal,Low Priority
CUST-01849,0.5396577655607657,6942.12,At-Risk,Normal,Medium Priority
CUST-01850,0.11247295764875079,7133.76,Loyal High-Value,Normal,Low Priority
CUST-01851,0.23566948286395445,3792.7200000000003,New / Low-Engaged,Normal,Low Priority
CUST-01852,0.7643114179443639,5968.68,Loyal High-Value,Normal,Critical / High Priority
CUST-01853,0.8657833272049031,8833.08,Loyal High-Value,Normal,Critical / High Priority
CUST-01854,0.18808969284936994,6820.08,Budget Users,Normal,Low Priority
CUST-01855,0.32149548927700944,5996.88,Budget Users,Normal,Low Priority
CUST-01856,0.6672222335488248,3279.7200000000003,New / Low-Engaged,Normal,Medium Priority
CUST-01857,0.9337505336435683,5392.799999999999,At-Risk,Normal,Critical / High Priority
CUST-01858,0.5661898683600416,7476.48,Budget Users,Normal,Medium Priority
CUST-01859,0.08235396079851406,4212.24,New / Low-Engaged,Normal,Low Priority
CUST-01860,0.3570969038004142,4409.16,New / Low-Engaged,Normal,Low Priority
CUST-01861,0.6137153783775332,7504.5599999999995,Budget Users,Normal,Critical / High Priority
CUST-01862,0.3327367444227996,7056.12,Loyal High-Value,Normal,Low Priority
CUST-01863,0.12000725946541894,3694.32,New / Low-Engaged,Normal,Low Priority
CUST-01864,0.16804576519914638,4734.96,New / Low-Engaged,Normal,Low Priority
CUST-01865,0.45656243214313064,5073.4800000000005,New / Low-Engaged,Normal,Low Priority
CUST-01866,0.15325528878387917,4737.12,New / Low-Engaged,Normal,Low Priority
CUST-01867,0.6699110825568697,5061.84,At-Risk,Normal,Critical / High Priority
CUST-01868,0.3309029582304386,6221.64,At-Risk,Normal,Low Priority
CUST-01869,0.6916677081262063,3520.2000000000003,New / Low-Engaged,Normal,Medium Priority
CUST-01870,0.372621201908545,4062.7200000000003,New / Low-Engaged,Normal,Low Priority
CUST-01871,0.8729622447507059,2162.7599999999998,New / Low-Engaged,Normal,Medium Priority
CUST-01872,0.17662173880910348,7183.32,Budget Users,Normal,Low Priority
CUST-01873,0.8216955779692716,8252.039999999999,Budget Users,Normal,Critical / High Priority
CUST-01874,0.7257887338404175,4285.08,New / Low-Engaged,Normal,Medium Priority
CUST-01875,0.1440597912268887,7783.4400000000005,Budget Users,Normal,Low Priority
CUST-01876,0.6910008824916094,4389.12,New / Low-Engaged,Normal,Medium Priority
CUST-01877,0.9209433332256565,5022.12,New / Low-Engaged,Normal,Critical / High Priority
CUST-01878,0.5251894500441691,3750.84,New / Low-Engaged,Normal,Medium Priority
CUST-01879,0.1960804018798344,5501.88,New / Low-Engaged,Normal,Low Priority
CUST-01880,0.34837714064514497,7743.0,At-Risk,Normal,Low Priority
CUST-01881,0.7699263420147734,3097.68,New / Low-Engaged,Normal,Medium Priority
CUST-01882,0.5398077734286645,8816.16,Budget Users,Normal,Medium Priority
CUST-01883,0.37204907820547245,5808.72,Budget Users,Normal,Low Priority
CUST-01884,0.8779577014555118,3867.84,Loyal High-Value,Normal,Medium Priority
CUST-01885,0.8608801580725103,6721.32,Budget Users,Normal,Critical / High Priority
CUST-01886,0.3507130769956568,6935.16,Loyal High-Value,Normal,Low Priority
CUST-01887,0.9461724006808901,8805.24,Budget Users,Normal,Critical / High Priority
CUST-01888,0.14086735284291596,3156.4800000000005,New / Low-Engaged,Normal,Low Priority
CUST-01889,0.37967910878938826,7845.48,Budget Users,Normal,Low Priority
CUST-01890,0.6789494473627333,4564.4400000000005,New / Low-Engaged,Normal,Medium Priority
CUST-01891,0.3568008713963796,7461.36,At-Risk,Normal,Low Priority
CUST-01892,0.31589963904989693,8410.92,Budget Users,Normal,Low Priority
CUST-01893,0.31798775688958053,8515.08,Loyal High-Value,Normal,Low Priority
CUST-01894,0.23834331255605268,6575.16,Budget Users,Normal,Low Priority
CUST-01895,0.19449568659936123,6077.5199999999995,At-Risk,Normal,Low Priority
CUST-01896,0.13631135695157678,6037.4400000000005,Budget Users,Normal,Low Priority
CUST-01897,0.3833830133889564,3570.3599999999997,New / Low-Engaged,Normal,Low Priority
CUST-01898,0.10236407727110773,4794.24,New / Low-Engaged,Normal,Low Priority
CUST-01899,0.7708923507547861,7198.92,Budget Users,Normal,Critical / High Priority
CUST-01900,0.24556905147352548,7135.08,At-Risk,Normal,Low Priority
CUST-01901,0.9063617749137236,3914.88,New / Low-Engaged,Normal,Medium Priority
CUST-01902,0.5645621319365901,7699.799999999999,Loyal High-Value,Normal,Medium Priority
CUST-01903,0.42656575014008036,8188.799999999999,Loyal High-Value,Normal,Low Priority
CUST-01904,0.7142358044034083,8829.48,Budget Users,Normal,Critical / High Priority
CUST-01905,0.7302199128246856,5913.96,New / Low-Engaged,Normal,Critical / High Priority
CUST-01906,0.12706687518077614,6567.599999999999,Loyal High-Value,Normal,Low Priority
CUST-01907,0.5749570709805174,6970.08,Budget Users,Normal,Medium Priority
CUST-01908,0.28961318797348906,3983.04,New / Low-Engaged,Normal,Low Priority
CUST-01909,0.08900693966726334,3655.2000000000003,New / Low-Engaged,Normal,Low Priority
CUST-01910,0.5528551564055475,8157.0,Budget Users,Normal,Medium Priority
CUST-01911,0.8787402011257363,7348.92,Budget Users,Normal,Critical / High Priority
CUST-01912,0.47535806220485166,7615.799999999999,Budget Users,Normal,Low Priority
CUST-01913,0.5091131787021107,3437.6400000000003,New / Low-Engaged,Normal,Medium Priority
CUST-01914,0.8731209485603696,5938.4400000000005,New / Low-Engaged,Normal,Critical / High Priority
CUST-01915,0.28842802236817955,7335.36,Budget Users,Normal,Low Priority
CUST-01916,0.14766966757036204,4840.92,New / Low-Engaged,Normal,Low Priority
CUST-01917,0.6539480077561711,4051.92,New / Low-Engaged,Normal,Medium Priority
CUST-01918,0.7660900849555398,6570.599999999999,Loyal High-Value,Normal,Critical / High Priority
CUST-01919,0.7241365688979695,7231.200000000001,Budget Users,Normal,Critical / High Priority
CUST-01920,0.8644459094610629,6587.88,Loyal High-Value,Normal,Critical / High Priority
CUST-01921,0.3349384736046873,6742.92,Budget Users,Normal,Low Priority
CUST-01922,0.3683754702470281,7208.52,Budget Users,Normal,Low Priority
CUST-01923,0.5489441106358468,5835.6,At-Risk,Normal,Medium Priority
CUST-01924,0.43302856862825384,6727.68,Loyal High-Value,Normal,Low Priority
CUST-01925,0.6228004988607831,5306.16,New / Low-Engaged,Normal,Critical / High Priority
CUST-01926,0.4963290760738673,6480.960000000001,Budget Users,Normal,Low Priority
CUST-01927,0.7106524657394407,6200.52,Budget Users,Normal,Critical / High Priority
CUST-01928,0.23595280154675152,6551.52,Budget Users,Normal,Low Priority
CUST-01929,0.10973122335983984,6467.64,Budget Users,Normal,Low Priority
CUST-01930,0.3427176289079254,4271.88,New / Low-Engaged,Normal,Low Priority
CUST-01931,0.05447206582074918,7319.280000000001,Budget Users,Normal,Low Priority
CUST-01932,0.6423741932124832,4637.76,At-Risk,Normal,Medium Priority
CUST-01933,0.3288971917486192,5722.68,New / Low-Engaged,Normal,Low Priority
CUST-01934,0.14233379443424976,2564.2799999999997,New / Low-Engaged,Normal,Low Priority
CUST-01935,0.7537540713761542,7200.719999999999,At-Risk,Normal,Critical / High Priority
CUST-01936,0.48059986743419164,6317.88,At-Risk,Normal,Low Priority
CUST-01937,0.28386773355388933,5090.5199999999995,New / Low-Engaged,Normal,Low Priority
CUST-01938,0.9488849021501409,7270.08,Budget Users,Anomaly,Critical / High Priority
CUST-01939,0.6811495521111448,8130.0,Budget Users,Normal,Critical / High Priority
CUST-01940,0.15253192869231597,7857.48,Budget Users,Normal,Low Priority
CUST-01941,0.14134622690941306,5714.28,At-Risk,Normal,Low Priority
CUST-01942,0.5696018600559822,7530.0,Budget Users,Normal,Medium Priority
CUST-01943,0.9426318123238202,7881.599999999999,Budget Users,Normal,Critical / High Priority
CUST-01944,0.5407957525336757,5760.24,Budget Users,Normal,Medium Priority
CUST-01945,0.47649664117710894,6589.32,Loyal High-Value,Normal,Low Priority
CUST-01946,0.7136827438045179,6592.799999999999,Budget Users,Normal,Critical / High Priority
CUST-01947,0.6820558814260794,4355.88,New / Low-Engaged,Normal,Medium Priority
CUST-01948,0.4390323707031708,7137.960000000001,Budget Users,Normal,Low Priority
CUST-01949,0.6536533005153047,3505.08,New / Low-Engaged,Anomaly,Medium Priority
CUST-01950,0.8177537442478194,5709.0,Loyal High-Value,Normal,Critical / High Priority
CUST-01951,0.3338900955717319,4938.12,New / Low-Engaged,Normal,Low Priority
CUST-01952,0.40929150875234277,6190.5599999999995,Loyal High-Value,Normal,Low Priority
CUST-01953,0.44274787618860245,6200.16,Loyal High-Value,Normal,Low Priority
CUST-01954,0.3496229030229741,6071.28,New / Low-Engaged,Normal,Low Priority
CUST-01955,0.39886186787077826,5342.64,Loyal High-Value,Normal,Low Priority
CUST-01956,0.2698582586891047,4342.92,New / Low-Engaged,Normal,Low Priority
CUST-01957,0.7014067313455747,7282.4400000000005,Budget Users,Normal,Critical / High Priority
CUST-01958,0.7739245643517272,5409.12,New / Low-Engaged,Normal,Critical / High Priority
CUST-01959,0.6626033885826617,8544.84,Budget Users,Normal,Critical / High Priority
CUST-01960,0.110653156006595,5898.6,Budget Users,Normal,Low Priority
CUST-01961,0.08820897752653611,5874.6,Loyal High-Value,Normal,Low Priority
CUST-01962,0.4948767674628552,6708.719999999999,Budget Users,Normal,Low Priority
CUST-01963,0.6076338504089562,6821.039999999999,Loyal High-Value,Normal,Critical / High Priority
CUST-01964,0.4714228724402749,5078.28,At-Risk,Normal,Low Priority
CUST-01965,0.8615749461786844,4123.799999999999,At-Risk,Normal,Medium Priority
CUST-01966,0.40086405870071795,7121.52,Budget Users,Normal,Low Priority
CUST-01967,0.6923820294783906,6375.48,Budget Users,Normal,Critical / High Priority
CUST-01968,0.4701893742200414,5522.28,At-Risk,Normal,Low Priority
CUST-01969,0.6583253186294467,4292.5199999999995,New / Low-Engaged,Normal,Medium Priority
CUST-01970,0.7586092918801124,4053.7200000000003,New / Low-Engaged,Normal,Medium Priority
CUST-01971,0.4465451668052747,2979.12,New / Low-Engaged,Normal,Low Priority
CUST-01972,0.13844581086633695,6854.280000000001,Loyal High-Value,Normal,Low Priority
CUST-01973,0.2770212713868799,7210.5599999999995,Budget Users,Normal,Low Priority
CUST-01974,0.09448297671209036,5384.4,New / Low-Engaged,Normal,Low Priority
CUST-01975,0.6778284547442979,8590.56,Budget Users,Normal,Critical / High Priority
CUST-01976,0.32629286793336715,5914.200000000001,Budget Users,Normal,Low Priority
CUST-01977,0.45234150960998826,4131.36,At-Risk,Normal,Low Priority
CUST-01978,0.8990410003313735,6772.799999999999,Budget Users,Normal,Critical / High Priority
CUST-01979,0.9248586473462737,5080.32,Loyal High-Value,Normal,Critical / High Priority
CUST-01980,0.7223392308253632,7476.36,Budget Users,Normal,Critical / High Priority
CUST-01981,0.6869016217725006,5652.0,Loyal High-Value,Normal,Critical / High Priority
CUST-01982,0.24553285736993763,5004.12,New / Low-Engaged,Normal,Low Priority
CUST-01983,0.14898660687647747,4952.04,New / Low-Engaged,Normal,Low Priority
CUST-01984,0.6944605270055045,3635.6400000000003,New / Low-Engaged,Normal,Medium Priority
CUST-01985,0.5213250902122387,6761.52,At-Risk,Normal,Medium Priority
CUST-01986,0.34211381485012743,8673.48,Budget Users,Normal,Low Priority
CUST-01987,0.15973338233013978,6041.04,Loyal High-Value,Normal,Low Priority
CUST-01988,0.6373312197163816,6394.32,At-Risk,Normal,Critical / High Priority
CUST-01989,0.34054349220309377,7354.92,Loyal High-Value,Normal,Low Priority
CUST-01990,0.1991017911874684,7362.84,Budget Users,Normal,Low Priority
CUST-01991,0.6152310615583342,7152.84,Budget Users,Normal,Critical / High Priority
CUST-01992,0.2807913383499699,7100.52,At-Risk,Anomaly,Low Priority
CUST-01993,0.42408092967272887,6309.599999999999,At-Risk,Normal,Low Priority
CUST-01994,0.155072807918265,5714.76,New / Low-Engaged,Normal,Low Priority
CUST-01995,0.7175140764264895,6694.200000000001,Loyal High-Value,Normal,Critical / High Priority
CUST-01996,0.9020678796273373,3913.56,New / Low-Engaged,Normal,Medium Priority
CUST-01997,0.705029866310819,4526.04,New / Low-Engaged,Normal,Medium Priority
CUST-01998,0.5275416516572295,6235.68,At-Risk,Normal,Medium Priority
CUST-01999,0.4803462708303869,7412.76,At-Risk,Normal,Low Priority
CUST-02000,0.39978114022227085,5719.5599999999995,Budget Users,Normal,Low Priority
CUST-02001,0.3836432809115115,4274.28,New / Low-Engaged,Normal,Low Priority
CUST-02002,0.4755403750391619,7562.88,Loyal High-Value,Normal,Low Priority
CUST-02003,0.15940673038295422,8239.08,Loyal High-Value,Normal,Low Priority
CUST-02004,0.5186817136966954,6033.72,Loyal High-Value,Normal,Medium Priority
CUST-02005,0.9406811970651373,7350.960000000001,Budget Users,Normal,Critical / High Priority
CUST-02006,0.09033416437519909,6613.92,Budget Users,Normal,Low Priority
CUST-02007,0.7685866690646072,4248.96,At-Risk,Normal,Medium Priority
CUST-02008,0.615398882625474,4797.12,At-Risk,Normal,Medium Priority
CUST-02009,0.7403817228991586,7088.039999999999,Budget Users,Normal,Critical / High Priority
CUST-02010,0.9264886211723624,7017.48,Loyal High-Value,Normal,Critical / High Priority
CUST-02011,0.2725787944961053,5091.6,New / Low-Engaged,Normal,Low Priority
CUST-02012,0.43690916115560186,6423.48,Budget Users,Normal,Low Priority
CUST-02013,0.3435354044771375,7654.5599999999995,At-Risk,Normal,Low Priority
CUST-02014,0.44436928239577816,5630.28,Budget Users,Normal,Low Priority
CUST-02015,0.6519444871725495,6901.200000000001,Budget Users,Normal,Critical / High Priority
CUST-02016,0.8809141352279725,6722.280000000001,New / Low-Engaged,Normal,Critical / High Priority
CUST-02017,0.5882634991267615,8741.76,Budget Users,Normal,Medium Priority
CUST-02018,0.6986548248942016,6050.88,At-Risk,Normal,Critical / High Priority
CUST-02019,0.6200641117826868,4150.92,New / Low-Engaged,Normal,Medium Priority
CUST-02020,0.6334646794739014,6569.52,At-Risk,Normal,Critical / High Priority
CUST-02021,0.9269916314935067,8430.84,Budget Users,Normal,Critical / High Priority
CUST-02022,0.26948977836105514,5811.72,At-Risk,Normal,Low Priority
CUST-02023,0.26936881257539963,4524.4800000000005,New / Low-Engaged,Normal,Low Priority
CUST-02024,0.5016174565698928,7786.200000000001,Budget Users,Normal,Medium Priority
CUST-02025,0.4024225595742684,5102.16,New / Low-Engaged,Normal,Low Priority
CUST-02026,0.21335626345648956,7790.88,Loyal High-Value,Normal,Low Priority
CUST-02027,0.7825260003230693,3425.04,New / Low-Engaged,Normal,Medium Priority
CUST-02028,0.3178602976395852,6230.88,Budget Users,Normal,Low Priority
CUST-02029,0.9317799393623751,5499.4800000000005,New / Low-Engaged,Normal,Critical / High Priority
CUST-02030,0.5746695017667528,6213.960000000001,Loyal High-Value,Normal,Medium Priority
CUST-02031,0.2778249667159171,5166.96,New / Low-Engaged,Normal,Low Priority
CUST-02032,0.7111925408547255,7920.12,Budget Users,Normal,Critical / High Priority
CUST-02033,0.8768486975118746,6573.24,Budget Users,Anomaly,Critical / High Priority
CUST-02034,0.7922920009717489,9081.72,Budget Users,Normal,Critical / High Priority
CUST-02035,0.6496294307233148,7211.64,Budget Users,Normal,Critical / High Priority
CUST-02036,0.15784132360389183,3656.76,New / Low-Engaged,Normal,Low Priority
CUST-02037,0.6897428184790675,6037.200000000001,Loyal High-Value,Normal,Critical / High Priority
CUST-02038,0.2396303793596546,6270.48,Budget Users,Normal,Low Priority
CUST-02039,0.9197219295168381,5815.200000000001,Loyal High-Value,Normal,Critical / High Priority
CUST-02040,0.18618604029623143,7466.76,Budget Users,Normal,Low Priority
CUST-02041,0.5265580555401447,6923.88,Budget Users,Normal,Medium Priority
CUST-02042,0.3573697224640207,4496.4,New / Low-Engaged,Normal,Low Priority
CUST-02043,0.273612125916542,6547.68,Budget Users,Normal,Low Priority
CUST-02044,0.3384800783436345,4608.36,New / Low-Engaged,Normal,Low Priority
CUST-02045,0.4665451014084887,6508.08,Loyal High-Value,Normal,Low Priority
CUST-02046,0.20310438619008692,8926.08,Loyal High-Value,Anomaly,Low Priority
CUST-02047,0.45950757300907846,7700.039999999999,Budget Users,Normal,Low Priority
CUST-02048,0.7679272471619992,5120.16,At-Risk,Normal,Critical / High Priority
CUST-02049,0.8169045797173946,3217.7999999999997,New / Low-Engaged,Normal,Medium Priority
CUST-02050,0.18662661993919905,5888.16,Budget Users,Normal,Low Priority
CUST-02051,0.745836616633034,8632.8,Budget Users,Normal,Critical / High Priority
CUST-02052,0.1476412233486854,5058.96,Loyal High-Value,Normal,Low Priority
CUST-02053,0.1787807376578895,3847.2000000000003,New / Low-Engaged,Normal,Low Priority
CUST-02054,0.5949187499186414,5949.0,Budget Users,Normal,Medium Priority
CUST-02055,0.3143032084147826,5623.68,Budget Users,Normal,Low Priority
CUST-02056,0.649981276526836,5844.12,At-Risk,Normal,Critical / High Priority
CUST-02057,0.6318778780893958,4383.72,New / Low-Engaged,Normal,Medium Priority
CUST-02058,0.7890688942364148,5412.4800000000005,New / Low-Engaged,Normal,Critical / High Priority
CUST-02059,0.27370700392471176,5574.36,Loyal High-Value,Normal,Low Priority
CUST-02060,0.5984711878228609,7437.48,Budget Users,Normal,Medium Priority
CUST-02061,0.25697440892235257,6898.200000000001,At-Risk,Normal,Low Priority
CUST-02062,0.2697739264336562,6714.84,Loyal High-Value,Normal,Low Priority
CUST-02063,0.31889343762107253,5480.04,New / Low-Engaged,Normal,Low Priority
CUST-02064,0.30478356353548813,6184.799999999999,Budget Users,Normal,Low Priority
CUST-02065,0.05926419914286274,4753.08,New / Low-Engaged,Normal,Low Priority
CUST-02066,0.6720712361666056,4759.200000000001,Loyal High-Value,Normal,Medium Priority
CUST-02067,0.5679264737130678,7092.960000000001,Budget Users,Normal,Medium Priority
CUST-02068,0.1376336434351596,7959.84,Budget Users,Normal,Low Priority
CUST-02069,0.07840427472444952,6732.0,Budget Users,Normal,Low Priority
CUST-02070,0.8314181677965791,6801.24,Loyal High-Value,Normal,Critical / High Priority
CUST-02071,0.4887340084528387,8413.2,Budget Users,Normal,Low Priority
CUST-02072,0.2866287842888571,3312.4800000000005,New / Low-Engaged,Normal,Low Priority
CUST-02073,0.347281473414698,6164.76,Budget Users,Normal,Low Priority
CUST-02074,0.6636318217006382,5101.5599999999995,Loyal High-Value,Normal,Critical / High Priority
CUST-02075,0.44757886710236194,4822.68,New / Low-Engaged,Normal,Low Priority
CUST-02076,0.6601947976023003,4740.96,At-Risk,Normal,Medium Priority
CUST-02077,0.15228582220169656,5567.04,New / Low-Engaged,Normal,Low Priority
CUST-02078,0.7049254455605819,3297.24,New / Low-Engaged,Normal,Medium Priority
CUST-02079,0.050368347414234196,5571.84,At-Risk,Normal,Low Priority
CUST-02080,0.92066847391176,8422.32,Budget Users,Normal,Critical / High Priority
CUST-02081,0.05741601884393244,4534.68,New / Low-Engaged,Normal,Low Priority
CUST-02082,0.7673370114647075,5788.92,Budget Users,Normal,Critical / High Priority
CUST-02083,0.08696561525563828,6648.36,Budget Users,Normal,Low Priority
CUST-02084,0.5507474309079087,3936.4800000000005,New / Low-Engaged,Normal,Medium Priority
CUST-02085,0.6428650149027917,4886.4,New / Low-Engaged,Normal,Medium Priority
CUST-02086,0.14463311055479117,5209.92,New / Low-Engaged,Normal,Low Priority
CUST-02087,0.6430087320084219,5533.4400000000005,Budget Users,Normal,Critical / High Priority
CUST-02088,0.6993949734124771,5305.68,At-Risk,Normal,Critical / High Priority
CUST-02089,0.8382966272519309,4315.200000000001,New / Low-Engaged,Normal,Medium Priority
CUST-02090,0.8198646353667788,7950.599999999999,Budget Users,Normal,Critical / High Priority
CUST-02091,0.6002768693920886,5415.4800000000005,New / Low-Engaged,Normal,Critical / High Priority
CUST-02092,0.4394681356034618,7768.92,Budget Users,Normal,Low Priority
CUST-02093,0.8201913034185383,6991.200000000001,Budget Users,Normal,Critical / High Priority
CUST-02094,0.8882454009068773,6852.48,Budget Users,Normal,Critical / High Priority
CUST-02095,0.746151237437586,6939.12,Budget Users,Normal,Critical / High Priority
CUST-02096,0.6577596909752409,5864.5199999999995,Budget Users,Normal,Critical / High Priority
CUST-02097,0.9067279336049181,4619.76,New / Low-Engaged,Normal,Medium Priority
CUST-02098,0.7475786935989874,8063.88,Loyal High-Value,Normal,Critical / High Priority
CUST-02099,0.7112733861297841,8312.039999999999,Budget Users,Normal,Critical / High Priority
CUST-02100,0.06427994620389806,5033.04,New / Low-Engaged,Normal,Low Priority
CUST-02101,0.4068090108136652,6484.4400000000005,At-Risk,Normal,Low Priority
CUST-02102,0.9056097846245699,3177.4800000000005,New / Low-Engaged,Normal,Medium Priority
CUST-02103,0.5794723621193111,5166.6,At-Risk,Normal,Medium Priority
CUST-02104,0.6862986948483147,5608.5599999999995,Budget Users,Normal,Critical / High Priority
CUST-02105,0.44634019724608087,6168.960000000001,Budget Users,Normal,Low Priority
CUST-02106,0.9346086870638476,7795.5599999999995,Budget Users,Normal,Critical / High Priority
CUST-02107,0.6624488483862111,2947.2,New / Low-Engaged,Normal,Medium Priority
CUST-02108,0.5317945324077427,7219.799999999999,Loyal High-Value,Normal,Medium Priority
CUST-02109,0.49995940546203205,6910.68,Budget Users,Normal,Low Priority
CUST-02110,0.08054933604537622,6743.88,Budget Users,Normal,Low Priority
CUST-02111,0.75415633797142,6968.76,Budget Users,Normal,Critical / High Priority
CUST-02112,0.1963364931074622,5660.76,Budget Users,Normal,Low Priority
CUST-02113,0.46552712591735285,5869.32,Budget Users,Normal,Low Priority
CUST-02114,0.08186065364783016,5376.72,New / Low-Engaged,Normal,Low Priority
CUST-02115,0.08988083134322353,6210.960000000001,Budget Users,Normal,Low Priority
CUST-02116,0.15689759921182433,5910.72,Budget Users,Normal,Low Priority
CUST-02117,0.568650164968753,5383.92,Budget Users,Normal,Medium Priority
CUST-02118,0.9190573279350969,8079.84,Budget Users,Normal,Critical / High Priority
CUST-02119,0.27507494099715246,5268.4800000000005,Loyal High-Value,Normal,Low Priority
CUST-02120,0.8010686083391372,3877.68,New / Low-Engaged,Normal,Medium Priority
CUST-02121,0.625586451032179,5745.0,Budget Users,Normal,Critical / High Priority
CUST-02122,0.3190770031723523,6977.76,Loyal High-Value,Normal,Low Priority
CUST-02123,0.10340816868586744,5803.200000000001,Loyal High-Value,Normal,Low Priority
CUST-02124,0.5569239909100415,5154.4800000000005,New / Low-Engaged,Normal,Medium Priority
CUST-02125,0.24839961510983416,4232.88,Loyal High-Value,Normal,Low Priority
CUST-02126,0.08656781211517145,5230.4400000000005,Loyal High-Value,Normal,Low Priority
CUST-02127,0.8115458058327544,6991.4400000000005,Loyal High-Value,Normal,Critical / High Priority
CUST-02128,0.7769642561518326,5257.4400000000005,New / Low-Engaged,Normal,Critical / High Priority
CUST-02129,0.8792989784847326,6450.12,Loyal High-Value,Normal,Critical / High Priority
CUST-02130,0.8608738565621382,4097.76,New / Low-Engaged,Normal,Medium Priority
CUST-02131,0.30575796302880504,6690.599999999999,Budget Users,Normal,Low Priority
CUST-02132,0.3066122995274769,6043.68,Budget Users,Normal,Low Priority
CUST-02133,0.06927193858613007,8031.84,Loyal High-Value,Normal,Low Priority
CUST-02134,0.70061242204269,5808.36,Loyal High-Value,Normal,Critical / High Priority
CUST-02135,0.6057639976853473,7020.719999999999,Loyal High-Value,Normal,Critical / High Priority
CUST-02136,0.8508987941588887,4356.36,New / Low-Engaged,Normal,Medium Priority
CUST-02137,0.4874008878804605,6635.400000000001,Budget Users,Normal,Low Priority
CUST-02138,0.30282747462756704,5372.16,New / Low-Engaged,Normal,Low Priority
CUST-02139,0.6013104243246075,6948.36,Budget Users,Normal,Critical / High Priority
CUST-02140,0.7403695939787518,7528.200000000001,Budget Users,Normal,Critical / High Priority
CUST-02141,0.7914337713954489,7905.0,At-Risk,Anomaly,Critical / High Priority
CUST-02142,0.8094077153494935,7912.68,Budget Users,Normal,Critical / High Priority
CUST-02143,0.07806493447043752,5035.200000000001,New / Low-Engaged,Normal,Low Priority
CUST-02144,0.1400025334464769,7058.76,Budget Users,Normal,Low Priority
CUST-02145,0.8019638100396366,5398.92,New / Low-Engaged,Normal,Critical / High Priority
CUST-02146,0.5627674514383688,3188.88,New / Low-Engaged,Normal,Medium Priority
CUST-02147,0.6633518198960804,5696.5199999999995,At-Risk,Normal,Critical / High Priority
CUST-02148,0.726753484264736,6287.039999999999,At-Risk,Normal,Critical / High Priority
CUST-02149,0.435960533141406,5491.92,New / Low-Engaged,Normal,Low Priority
CUST-02150,0.850891651590117,5136.84,New / Low-Engaged,Normal,Critical / High Priority
CUST-02151,0.40978069465339345,4907.28,New / Low-Engaged,Normal,Low Priority
CUST-02152,0.08387199301154187,6235.200000000001,New / Low-Engaged,Normal,Low Priority
CUST-02153,0.6671506161111206,7845.719999999999,Budget Users,Normal,Critical / High Priority
CUST-02154,0.36911962982954577,3516.4800000000005,New / Low-Engaged,Anomaly,Low Priority
CUST-02155,0.4240068028310089,4488.0,At-Risk,Normal,Low Priority
CUST-02156,0.6606516333854245,4305.36,New / Low-Engaged,Normal,Medium Priority
CUST-02157,0.40344404710580545,3403.32,New / Low-Engaged,Normal,Low Priority
CUST-02158,0.16797429411354592,2816.04,At-Risk,Normal,Low Priority
CUST-02159,0.23050502547425578,4060.56,New / Low-Engaged,Normal,Low Priority
CUST-02160,0.27959714072944153,3898.32,New / Low-Engaged,Normal,Low Priority
CUST-02161,0.3624420180580563,5970.12,At-Risk,Normal,Low Priority
CUST-02162,0.5127386642515667,5616.0,At-Risk,Normal,Medium Priority
CUST-02163,0.2923217019067398,7424.52,Budget Users,Normal,Low Priority
CUST-02164,0.4298074052754897,7156.4400000000005,Budget Users,Normal,Low Priority
CUST-02165,0.1799208249036563,3975.96,New / Low-Engaged,Normal,Low Priority
CUST-02166,0.44304922722587375,7098.84,Budget Users,Normal,Low Priority
CUST-02167,0.3937815048032329,5697.36,Loyal High-Value,Normal,Low Priority
CUST-02168,0.5845221159854319,4644.0,At-Risk,Normal,Medium Priority
CUST-02169,0.1884141451419914,7742.88,Budget Users,Normal,Low Priority
CUST-02170,0.2815377706774478,5452.68,New / Low-Engaged,Normal,Low Priority
CUST-02171,0.8763447597222115,7259.280000000001,Budget Users,Normal,Critical / High Priority
CUST-02172,0.5692138753843726,6191.76,Budget Users,Normal,Medium Priority
CUST-02173,0.6066819975744258,5524.799999999999,Loyal High-Value,Normal,Critical / High Priority
CUST-02174,0.7136893520883253,4283.28,New / Low-Engaged,Normal,Medium Priority
CUST-02175,0.6085788964135372,7491.12,Budget Users,Normal,Critical / High Priority
CUST-02176,0.655493322273836,5035.92,New / Low-Engaged,Normal,Critical / High Priority
CUST-02177,0.10608032730693664,6913.200000000001,Loyal High-Value,Normal,Low Priority
CUST-02178,0.9470879758385125,7686.719999999999,At-Risk,Normal,Critical / High Priority
CUST-02179,0.5453815053551277,4468.4400000000005,New / Low-Engaged,Normal,Medium Priority
CUST-02180,0.466360267652302,6082.92,Loyal High-Value,Normal,Low Priority
CUST-02181,0.6316949245063054,4303.08,New / Low-Engaged,Normal,Medium Priority
CUST-02182,0.7206696403561783,5751.24,New / Low-Engaged,Normal,Critical / High Priority
CUST-02183,0.12298012153201414,6436.68,New / Low-Engaged,Normal,Low Priority
CUST-02184,0.499637271253792,4965.36,New / Low-Engaged,Normal,Low Priority
CUST-02185,0.5471714623018358,3859.7999999999997,New / Low-Engaged,Normal,Medium Priority
CUST-02186,0.24083797538165813,4358.76,New / Low-Engaged,Normal,Low Priority
CUST-02187,0.6587904761570416,7391.280000000001,Loyal High-Value,Normal,Critical / High Priority
CUST-02188,0.6478710296793266,5776.92,Loyal High-Value,Normal,Critical / High Priority
CUST-02189,0.11065497666509347,5304.96,New / Low-Engaged,Normal,Low Priority
CUST-02190,0.6077099893901297,5177.88,Loyal High-Value,Normal,Critical / High Priority
CUST-02191,0.6019890445231345,6533.76,Budget Users,Normal,Critical / High Priority
CUST-02192,0.10687412121252451,7504.799999999999,Budget Users,Normal,Low Priority
CUST-02193,0.10385728063711355,5108.28,Loyal High-Value,Normal,Low Priority
CUST-02194,0.40119878354964944,5389.200000000001,At-Risk,Normal,Low Priority
CUST-02195,0.3653080826293831,8351.400000000001,Budget Users,Anomaly,Low Priority
CUST-02196,0.3492904183738279,5151.0,At-Risk,Normal,Low Priority
CUST-02197,0.4819316822199343,8396.039999999999,Loyal High-Value,Normal,Low Priority
CUST-02198,0.25154435303068007,7532.76,Budget Users,Normal,Low Priority
CUST-02199,0.7259848893955869,5209.68,At-Risk,Normal,Critical / High Priority
CUST-02200,0.2381636243690458,5279.64,New / Low-Engaged,Normal,Low Priority
CUST-02201,0.30620357782289875,6900.719999999999,At-Risk,Normal,Low Priority
CUST-02202,0.8185651081854248,5874.12,Budget Users,Normal,Critical / High Priority
CUST-02203,0.5161028985026919,6657.24,Loyal High-Value,Normal,Medium Priority
CUST-02204,0.35231480692581013,5155.4400000000005,At-Risk,Normal,Low Priority
CUST-02205,0.9372617707453288,6515.88,At-Risk,Normal,Critical / High Priority
CUST-02206,0.8072144031395277,4672.08,New / Low-Engaged,Normal,Medium Priority
CUST-02207,0.7069879265962568,5267.16,New / Low-Engaged,Normal,Critical / High Priority
CUST-02208,0.1359645274839862,5574.36,Budget Users,Normal,Low Priority
CUST-02209,0.6388733494436469,6625.799999999999,Budget Users,Normal,Critical / High Priority
CUST-02210,0.4608155880050623,3828.0,New / Low-Engaged,Normal,Low Priority
CUST-02211,0.2170430198711777,4569.12,New / Low-Engaged,Normal,Low Priority
CUST-02212,0.5616608716767463,4197.24,Loyal High-Value,Normal,Medium Priority
CUST-02213,0.15307035061680896,3869.16,Loyal High-Value,Normal,Low Priority
CUST-02214,0.4787878575486803,4086.4800000000005,New / Low-Engaged,Normal,Low Priority
CUST-02215,0.2765811858702357,5536.32,At-Risk,Normal,Low Priority
CUST-02216,0.08618584197801715,7564.799999999999,Budget Users,Normal,Low Priority
CUST-02217,0.1548234926015432,7585.92,Budget Users,Normal,Low Priority
CUST-02218,0.44002668894394104,7328.280000000001,Budget Users,Normal,Low Priority
CUST-02219,0.3629182135354053,3990.84,New / Low-Engaged,Normal,Low Priority
CUST-02220,0.09283337308388093,6963.719999999999,Budget Users,Normal,Low Priority
CUST-02221,0.6951374188965453,8309.64,Loyal High-Value,Normal,Critical / High Priority
CUST-02222,0.6224073811383043,4375.68,New / Low-Engaged,Normal,Medium Priority
CUST-02223,0.7151947242835021,7055.76,At-Risk,Normal,Critical / High Priority
CUST-02224,0.28823310115959894,4693.200000000001,New / Low-Engaged,Normal,Low Priority
CUST-02225,0.703756450483099,6187.68,Loyal High-Value,Normal,Critical / High Priority
CUST-02226,0.14116914100136713,5448.72,Budget Users,Normal,Low Priority
CUST-02227,0.36991574017755163,6219.36,At-Risk,Normal,Low Priority
CUST-02228,0.2613990055968838,4400.04,New / Low-Engaged,Normal,Low Priority
CUST-02229,0.7631442459941623,3936.4800000000005,New / Low-Engaged,Normal,Medium Priority
CUST-02230,0.13811246610179576,2864.3999999999996,New / Low-Engaged,Normal,Low Priority
CUST-02231,0.8749198130498615,6508.799999999999,Loyal High-Value,Normal,Critical / High Priority
CUST-02232,0.8177513282471001,7020.960000000001,Loyal High-Value,Normal,Critical / High Priority
CUST-02233,0.7833779863585517,7072.799999999999,Budget Users,Normal,Critical / High Priority
CUST-02234,0.8652733331622062,4220.4,At-Risk,Normal,Medium Priority
CUST-02235,0.9183446570911125,5338.08,New / Low-Engaged,Normal,Critical / High Priority
CUST-02236,0.11413071028224019,6312.960000000001,Loyal High-Value,Normal,Low Priority
CUST-02237,0.3521107239774605,4888.68,New / Low-Engaged,Normal,Low Priority
CUST-02238,0.16966262647123592,5908.799999999999,Budget Users,Normal,Low Priority
CUST-02239,0.928626183607065,5471.88,New / Low-Engaged,Normal,Critical / High Priority
CUST-02240,0.1253738296767158,7163.16,At-Risk,Normal,Low Priority
CUST-02241,0.28434431454456466,4523.16,At-Risk,Normal,Low Priority
CUST-02242,0.2069472303623407,6345.960000000001,Budget Users,Normal,Low Priority
CUST-02243,0.7211180862853873,8265.36,Budget Users,Normal,Critical / High Priority
CUST-02244,0.2507418419186825,5701.200000000001,At-Risk,Normal,Low Priority
CUST-02245,0.7425056019250271,5842.68,Loyal High-Value,Normal,Critical / High Priority
CUST-02246,0.12810036049529047,5201.4,At-Risk,Normal,Low Priority
CUST-02247,0.4709248259127211,3632.16,At-Risk,Normal,Low Priority
CUST-02248,0.50231700152223,5117.76,Budget Users,Normal,Medium Priority
CUST-02249,0.5515906267838099,5930.16,Loyal High-Value,Normal,Medium Priority
CUST-02250,0.793942741994398,5633.88,Budget Users,Normal,Critical / High Priority
CUST-02251,0.7774045932059989,4775.88,New / Low-Engaged,Normal,Medium Priority
CUST-02252,0.09284430340100941,7038.12,Budget Users,Normal,Low Priority
CUST-02253,0.3656031107705757,7904.52,Budget Users,Normal,Low Priority
CUST-02254,0.7248928399283657,8695.08,Budget Users,Normal,Critical / High Priority
CUST-02255,0.842693291291224,7342.68,Loyal High-Value,Normal,Critical / High Priority
CUST-02256,0.33573339676406067,6982.08,Loyal High-Value,Normal,Low Priority
CUST-02257,0.1456620321173276,6240.960000000001,Budget Users,Normal,Low Priority
CUST-02258,0.3363677711972141,7521.24,Budget Users,Normal,Low Priority
CUST-02259,0.9281391260416343,6497.88,Budget Users,Normal,Critical / High Priority
CUST-02260,0.5023057041328949,4513.799999999999,New / Low-Engaged,Normal,Medium Priority
CUST-02261,0.8651236819305299,4263.84,New / Low-Engaged,Normal,Medium Priority
CUST-02262,0.603056399553743,6072.4800000000005,Budget Users,Normal,Critical / High Priority
CUST-02263,0.5958293278263308,3618.12,New / Low-Engaged,Normal,Medium Priority
CUST-02264,0.49150449495525195,6759.36,Budget Users,Normal,Low Priority
CUST-02265,0.42502030484891457,8234.52,Budget Users,Normal,Low Priority
CUST-02266,0.7559250467616644,5153.76,At-Risk,Normal,Critical / High Priority
CUST-02267,0.6403371565392216,7767.12,Budget Users,Normal,Critical / High Priority
CUST-02268,0.30678819817641306,5002.799999999999,New / Low-Engaged,Normal,Low Priority
CUST-02269,0.5140829587542128,5046.84,At-Risk,Normal,Medium Priority
CUST-02270,0.21690381807534193,5600.76,At-Risk,Normal,Low Priority
CUST-02271,0.4809407399612902,4844.16,New / Low-Engaged,Normal,Low Priority
CUST-02272,0.844665893603334,6563.400000000001,At-Risk,Normal,Critical / High Priority
CUST-02273,0.23846577901430382,5250.12,At-Risk,Normal,Low Priority
CUST-02274,0.39224611065053183,4818.12,New / Low-Engaged,Normal,Low Priority
CUST-02275,0.2543883562985205,7574.88,Budget Users,Normal,Low Priority
CUST-02276,0.5418010025410125,5516.4,Budget Users,Normal,Medium Priority
CUST-02277,0.6957835597063856,5733.72,Loyal High-Value,Normal,Critical / High Priority
CUST-02278,0.5632804792450764,6457.5599999999995,Budget Users,Normal,Medium Priority
CUST-02279,0.05970873127604577,8387.28,Budget Users,Normal,Low Priority
CUST-02280,0.15577194726769367,5212.4400000000005,At-Risk,Normal,Low Priority
CUST-02281,0.2645987906944789,7706.16,Budget Users,Normal,Low Priority
CUST-02282,0.8313345521497061,7782.719999999999,Budget Users,Normal,Critical / High Priority
CUST-02283,0.6878866093671395,7505.16,Budget Users,Normal,Critical / High Priority
CUST-02284,0.9081549198155054,6784.799999999999,Budget Users,Normal,Critical / High Priority
CUST-02285,0.7220675167667043,7862.16,Budget Users,Normal,Critical / High Priority
CUST-02286,0.4132059931710062,5861.28,Budget Users,Normal,Low Priority
CUST-02287,0.8321265101511088,3479.3999999999996,New / Low-Engaged,Normal,Medium Priority
CUST-02288,0.5270684139046364,8086.5599999999995,Budget Users,Normal,Medium Priority
CUST-02289,0.4283469564707063,7346.16,Budget Users,Normal,Low Priority
CUST-02290,0.4579718593443001,4140.72,New / Low-Engaged,Normal,Low Priority
CUST-02291,0.5653694608292704,4666.68,New / Low-Engaged,Normal,Medium Priority
CUST-02292,0.5374857066054957,5649.96,New / Low-Engaged,Normal,Medium Priority
CUST-02293,0.534619512680595,7562.400000000001,Budget Users,Normal,Medium Priority
CUST-02294,0.08278292690663508,4741.200000000001,New / Low-Engaged,Normal,Low Priority
CUST-02295,0.6253167837112977,5244.72,New / Low-Engaged,Normal,Critical / High Priority
CUST-02296,0.3835940384661935,8191.200000000001,Budget Users,Normal,Low Priority
CUST-02297,0.1715190320243542,6606.24,At-Risk,Normal,Low Priority
CUST-02298,0.7815778150683618,8775.24,Budget Users,Normal,Critical / High Priority
CUST-02299,0.7831943653885163,5839.32,Budget Users,Normal,Critical / High Priority
CUST-02300,0.8639438446512802,6107.4,Loyal High-Value,Normal,Critical / High Priority
CUST-02301,0.768322236764912,5292.24,Budget Users,Normal,Critical / High Priority
CUST-02302,0.304921750686878,7152.12,At-Risk,Normal,Low Priority
CUST-02303,0.9436017525874362,7098.960000000001,Budget Users,Normal,Critical / High Priority
CUST-02304,0.5475230834462051,5368.5599999999995,At-Risk,Normal,Medium Priority
CUST-02305,0.36295181427035683,6327.48,Loyal High-Value,Normal,Low Priority
CUST-02306,0.4492409977863136,7488.599999999999,Loyal High-Value,Normal,Low Priority
CUST-02307,0.49401161161094626,5787.36,Loyal High-Value,Normal,Low Priority
CUST-02308,0.12299623907019502,5824.08,At-Risk,Normal,Low Priority
CUST-02309,0.49758351225222064,4323.36,At-Risk,Normal,Low Priority
CUST-02310,0.33958608715268845,4951.68,New / Low-Engaged,Normal,Low Priority
CUST-02311,0.890227523220962,6197.52,Loyal High-Value,Normal,Critical / High Priority
CUST-02312,0.8898067524394799,4587.84,New / Low-Engaged,Normal,Medium Priority
CUST-02313,0.20769776717802824,8538.24,At-Risk,Normal,Low Priority
CUST-02314,0.20682734444060025,6762.599999999999,Loyal High-Value,Normal,Low Priority
CUST-02315,0.13123889782925446,5367.96,Budget Users,Normal,Low Priority
CUST-02316,0.43849807068130375,6335.76,Budget Users,Normal,Low Priority
CUST-02317,0.2755531790926282,5262.96,Budget Users,Normal,Low Priority
CUST-02318,0.11891869142739539,3060.96,New / Low-Engaged,Normal,Low Priority
CUST-02319,0.698006682664845,5141.64,New / Low-Engaged,Normal,Critical / High Priority
CUST-02320,0.8743081578352613,8347.92,Loyal High-Value,Normal,Critical / High Priority
CUST-02321,0.7081859933293465,4809.84,New / Low-Engaged,Normal,Medium Priority
CUST-02322,0.34109789614833097,5368.4400000000005,Loyal High-Value,Normal,Low Priority
CUST-02323,0.8329202433429607,4545.12,New / Low-Engaged,Normal,Medium Priority
CUST-02324,0.5660171141207445,6776.64,Budget Users,Normal,Medium Priority
CUST-02325,0.434775988117019,4880.88,At-Risk,Anomaly,Low Priority
CUST-02326,0.10619497042869613,6001.92,New / Low-Engaged,Normal,Low Priority
CUST-02327,0.27975969982370047,4273.92,New / Low-Engaged,Normal,Low Priority
CUST-02328,0.25753120766283705,6982.5599999999995,Loyal High-Value,Anomaly,Low Priority
CUST-02329,0.8593392521689173,7530.0,Budget Users,Normal,Critical / High Priority
CUST-02330,0.6448709792476603,4060.44,New / Low-Engaged,Normal,Medium Priority
CUST-02331,0.4922028784253796,3827.76,New / Low-Engaged,Normal,Low Priority
CUST-02332,0.507483156398716,8169.12,Budget Users,Normal,Medium Priority
CUST-02333,0.2990004256171126,6153.84,Budget Users,Normal,Low Priority
CUST-02334,0.27405712998399046,6036.96,Budget Users,Normal,Low Priority
CUST-02335,0.2990914951148915,4033.7999999999997,New / Low-Engaged,Normal,Low Priority
CUST-02336,0.8483923062727086,4808.88,New / Low-Engaged,Normal,Medium Priority
CUST-02337,0.33852943356906773,8392.2,Budget Users,Normal,Low Priority
CUST-02338,0.8397142817301709,4031.5199999999995,New / Low-Engaged,Normal,Medium Priority
CUST-02339,0.11253522220372443,5072.76,New / Low-Engaged,Normal,Low Priority
CUST-02340,0.29551180573616764,7077.960000000001,Loyal High-Value,Normal,Low Priority
CUST-02341,0.4326501286801669,5545.92,New / Low-Engaged,Normal,Low Priority
CUST-02342,0.9437433445206336,5198.76,New / Low-Engaged,Normal,Critical / High Priority
CUST-02343,0.7468815540554166,4126.92,At-Risk,Normal,Medium Priority
CUST-02344,0.46729919673908527,3637.44,New / Low-Engaged,Normal,Low Priority
CUST-02345,0.18363091285424682,6792.24,Budget Users,Normal,Low Priority
CUST-02346,0.11461936517247252,6812.039999999999,Budget Users,Normal,Low Priority
CUST-02347,0.8104620922288271,3480.96,At-Risk,Normal,Medium Priority
CUST-02348,0.1493202134754567,4536.84,New / Low-Engaged,Normal,Low Priority
CUST-02349,0.44596127255385204,8056.68,Loyal High-Value,Normal,Low Priority
CUST-02350,0.08438899914420114,5832.84,Loyal High-Value,Normal,Low Priority
CUST-02351,0.1857153224807805,4897.4400000000005,New / Low-Engaged,Normal,Low Priority
CUST-02352,0.7723437999303527,6463.799999999999,Loyal High-Value,Normal,Critical / High Priority
CUST-02353,0.3352355994494178,5852.16,Budget Users,Normal,Low Priority
CUST-02354,0.574632707424879,3065.52,New / Low-Engaged,Normal,Medium Priority
CUST-02355,0.48552756471623054,6490.92,Loyal High-Value,Normal,Low Priority
CUST-02356,0.4418474207501842,4754.04,New / Low-Engaged,Normal,Low Priority
CUST-02357,0.40520219286870524,6523.200000000001,Budget Users,Normal,Low Priority
CUST-02358,0.44735929045735695,3908.5199999999995,New / Low-Engaged,Anomaly,Low Priority
CUST-02359,0.20947278845573297,8153.280000000001,Budget Users,Normal,Low Priority
CUST-02360,0.2417599629373754,6955.68,Budget Users,Normal,Low Priority
CUST-02361,0.6860635134618828,5195.76,Budget Users,Normal,Critical / High Priority
CUST-02362,0.43756460726206564,4581.4800000000005,New / Low-Engaged,Normal,Low Priority
CUST-02363,0.3623957731673802,2973.84,New / Low-Engaged,Normal,Low Priority
CUST-02364,0.6541689527397335,6304.200000000001,Loyal High-Value,Normal,Critical / High Priority
CUST-02365,0.6794394505701273,6302.280000000001,Budget Users,Normal,Critical / High Priority
CUST-02366,0.5216161528476284,6809.400000000001,Loyal High-Value,Normal,Medium Priority
CUST-02367,0.861710395871468,4418.64,New / Low-Engaged,Normal,Medium Priority
CUST-02368,0.057169498867945756,5809.92,At-Risk,Normal,Low Priority
CUST-02369,0.23191858634791485,8041.4400000000005,Budget Users,Normal,Low Priority
CUST-02370,0.5193763128019275,4347.12,New / Low-Engaged,Normal,Medium Priority
CUST-02371,0.21853033095223917,7607.52,Budget Users,Normal,Low Priority
CUST-02372,0.4166429373207705,4958.88,New / Low-Engaged,Normal,Low Priority
CUST-02373,0.6365461586126792,5143.200000000001,Loyal High-Value,Normal,Critical / High Priority
CUST-02374,0.36673168826764674,8588.039999999999,Loyal High-Value,Normal,Low Priority
CUST-02375,0.16566816320170522,7646.400000000001,Budget Users,Normal,Low Priority
CUST-02376,0.08532004872081445,6119.16,At-Risk,Normal,Low Priority
CUST-02377,0.4102318646861632,4804.5599999999995,At-Risk,Normal,Low Priority
CUST-02378,0.8148177112496517,7604.039999999999,Loyal High-Value,Normal,Critical / High Priority
CUST-02379,0.34355402168283433,6270.48,Budget Users,Normal,Low Priority
CUST-02380,0.3220998321055041,5359.68,New / Low-Engaged,Normal,Low Priority
CUST-02381,0.48213614964844537,4521.36,New / Low-Engaged,Normal,Low Priority
CUST-02382,0.843341835521653,6952.4400000000005,Budget Users,Normal,Critical / High Priority
CUST-02383,0.4409625568723176,4158.72,Loyal High-Value,Normal,Low Priority
CUST-02384,0.6455276866450569,4163.64,New / Low-Engaged,Normal,Medium Priority
CUST-02385,0.7902673143341676,7264.68,Loyal High-Value,Normal,Critical / High Priority
CUST-02386,0.7767997775170651,6771.0,At-Risk,Normal,Critical / High Priority
CUST-02387,0.21909361268408423,6723.960000000001,Budget Users,Normal,Low Priority
CUST-02388,0.5396815729744682,6404.52,At-Risk,Normal,Medium Priority
CUST-02389,0.7086714007371767,5998.32,Budget Users,Normal,Critical / High Priority
CUST-02390,0.10573339202090974,4763.5199999999995,New / Low-Engaged,Normal,Low Priority
CUST-02391,0.1799775923145434,6479.280000000001,Loyal High-Value,Normal,Low Priority
CUST-02392,0.9261680882783894,7709.76,Budget Users,Normal,Critical / High Priority
CUST-02393,0.5068719245223959,6388.08,Budget Users,Normal,Medium Priority
CUST-02394,0.5188665232716227,6968.64,Budget Users,Normal,Medium Priority
CUST-02395,0.6131828036439868,3489.3599999999997,At-Risk,Normal,Medium Priority
CUST-02396,0.2145825415007756,4843.92,New / Low-Engaged,Normal,Low Priority
CUST-02397,0.21626887939598194,4257.96,Loyal High-Value,Normal,Low Priority
CUST-02398,0.7208766426660759,4471.799999999999,At-Risk,Normal,Medium Priority
CUST-02399,0.6052143498779791,4745.16,New / Low-Engaged,Normal,Medium Priority
CUST-02400,0.7823629213962265,7027.799999999999,At-Risk,Normal,Critical / High Priority
CUST-02401,0.9008660518274848,5463.84,Loyal High-Value,Normal,Critical / High Priority
CUST-02402,0.712536171307611,6773.16,Loyal High-Value,Normal,Critical / High Priority
CUST-02403,0.15590802458546793,4983.96,At-Risk,Normal,Low Priority
CUST-02404,0.5463786124315402,4013.76,At-Risk,Normal,Medium Priority
CUST-02405,0.6620662602423873,6395.16,At-Risk,Normal,Critical / High Priority
CUST-02406,0.44592172884207165,5588.76,New / Low-Engaged,Normal,Low Priority
CUST-02407,0.1786918140008129,5784.36,New / Low-Engaged,Normal,Low Priority
CUST-02408,0.6201797966674649,5748.36,Budget Users,Normal,Critical / High Priority
CUST-02409,0.9300834294144608,5396.4,Budget Users,Normal,Critical / High Priority
CUST-02410,0.34708442160293934,3650.6400000000003,New / Low-Engaged,Normal,Low Priority
CUST-02411,0.44563689911753523,6987.960000000001,Budget Users,Normal,Low Priority
CUST-02412,0.05323641635088379,6773.88,Budget Users,Normal,Low Priority
CUST-02413,0.8840530024791238,8903.64,Budget Users,Normal,Critical / High Priority
CUST-02414,0.8915413602433604,5820.4800000000005,At-Risk,Normal,Critical / High Priority
CUST-02415,0.8117404441079707,4312.799999999999,New / Low-Engaged,Normal,Medium Priority
CUST-02416,0.7587546087539206,4912.68,New / Low-Engaged,Normal,Medium Priority
CUST-02417,0.0845283814922068,5303.76,New / Low-Engaged,Normal,Low Priority
CUST-02418,0.8327247192002689,4740.24,Loyal High-Value,Normal,Medium Priority
CUST-02419,0.35055135143680155,5874.96,New / Low-Engaged,Normal,Low Priority
CUST-02420,0.19831956046673088,6209.88,At-Risk,Anomaly,Low Priority
CUST-02421,0.39836287637861095,5613.4800000000005,New / Low-Engaged,Normal,Low Priority
CUST-02422,0.6242093071300341,4817.28,New / Low-Engaged,Normal,Medium Priority
CUST-02423,0.591010561065921,6406.200000000001,Budget Users,Normal,Medium Priority
CUST-02424,0.6003581616131147,3703.08,New / Low-Engaged,Normal,Medium Priority
CUST-02425,0.489933259305847,7937.76,Loyal High-Value,Normal,Low Priority
CUST-02426,0.17745458290944277,6168.960000000001,Budget Users,Normal,Low Priority
CUST-02427,0.14669710379567902,6192.36,New / Low-Engaged,Normal,Low Priority
CUST-02428,0.759381170853435,4821.96,New / Low-Engaged,Normal,Medium Priority
CUST-02429,0.22100879502040582,5201.04,New / Low-Engaged,Normal,Low Priority
CUST-02430,0.6776084536893181,3500.88,New / Low-Engaged,Normal,Medium Priority
CUST-02431,0.43700820328069995,5455.08,New / Low-Engaged,Normal,Low Priority
CUST-02432,0.8767326577209422,8588.16,Loyal High-Value,Anomaly,Critical / High Priority
CUST-02433,0.42523109052056945,7465.4400000000005,Budget Users,Normal,Low Priority
CUST-02434,0.28465304751009884,7170.0,Budget Users,Normal,Low Priority
CUST-02435,0.17310120193508005,7503.12,Budget Users,Normal,Low Priority
CUST-02436,0.2613922364430943,7035.960000000001,Budget Users,Normal,Low Priority
CUST-02437,0.5895464536511605,5971.32,Loyal High-Value,Normal,Medium Priority
CUST-02438,0.1802301269667902,4763.64,New / Low-Engaged,Normal,Low Priority
CUST-02439,0.246001029843872,8400.0,Budget Users,Normal,Low Priority
CUST-02440,0.16714590061508544,6135.96,Budget Users,Normal,Low Priority
CUST-02441,0.19781142739373303,7682.400000000001,Budget Users,Normal,Low Priority
CUST-02442,0.15754182237963266,5093.64,Loyal High-Value,Normal,Low Priority
CUST-02443,0.8284652068442168,5636.28,At-Risk,Normal,Critical / High Priority
CUST-02444,0.6976717816231034,6189.48,Loyal High-Value,Normal,Critical / High Priority
CUST-02445,0.3080399048226492,6379.200000000001,Budget Users,Normal,Low Priority
CUST-02446,0.09111462092857661,3807.12,Loyal High-Value,Anomaly,Low Priority
CUST-02447,0.3939090944787581,6078.36,Budget Users,Normal,Low Priority
CUST-02448,0.9009213315481197,4981.200000000001,New / Low-Engaged,Normal,Medium Priority
CUST-02449,0.7611672814964766,5517.72,New / Low-Engaged,Normal,Critical / High Priority
CUST-02450,0.2544679981995094,4586.88,New / Low-Engaged,Normal,Low Priority
CUST-02451,0.24709813930495972,7852.5599999999995,Budget Users,Normal,Low Priority
CUST-02452,0.33749150960294344,6359.52,Budget Users,Normal,Low Priority
CUST-02453,0.805075688764765,3513.0,New / Low-Engaged,Normal,Medium Priority
CUST-02454,0.5140696715816505,5768.76,Loyal High-Value,Normal,Medium Priority
CUST-02455,0.06928909747896027,7511.16,Budget Users,Normal,Low Priority
CUST-02456,0.8233404834851119,7798.799999999999,At-Risk,Normal,Critical / High Priority
CUST-02457,0.33049610191038165,6408.599999999999,Budget Users,Normal,Low Priority
CUST-02458,0.47277599366769235,8814.24,Budget Users,Normal,Low Priority
CUST-02459,0.6850654300986311,5046.72,New / Low-Engaged,Normal,Critical / High Priority
CUST-02460,0.6316371505265003,7330.5599999999995,Budget Users,Normal,Critical / High Priority
CUST-02461,0.21270370466008942,6359.280000000001,Budget Users,Normal,Low Priority
CUST-02462,0.24870867744290426,6642.960000000001,Loyal High-Value,Normal,Low Priority
CUST-02463,0.08050538958752894,6850.4400000000005,Budget Users,Normal,Low Priority
CUST-02464,0.15891804277439242,6080.16,Budget Users,Normal,Low Priority
CUST-02465,0.7030145631818071,5391.6,New / Low-Engaged,Normal,Critical / High Priority
CUST-02466,0.4575524300070874,3878.6400000000003,New / Low-Engaged,Normal,Low Priority
CUST-02467,0.9341572440854049,6569.88,Budget Users,Normal,Critical / High Priority
CUST-02468,0.39462484218969257,9052.2,Budget Users,Normal,Low Priority
CUST-02469,0.23695654481963535,7596.12,Budget Users,Normal,Low Priority
CUST-02470,0.10998001835398938,3616.56,New / Low-Engaged,Normal,Low Priority
CUST-02471,0.2348717661316756,8765.880000000001,Budget Users,Normal,Low Priority
CUST-02472,0.6437812906041012,3641.76,New / Low-Engaged,Normal,Medium Priority
CUST-02473,0.896714872635306,6665.52,Budget Users,Normal,Critical / High Priority
CUST-02474,0.1256793726700271,6451.4400000000005,Budget Users,Normal,Low Priority
CUST-02475,0.8818108747043492,5196.0,Budget Users,Normal,Critical / High Priority
CUST-02476,0.44698271199641276,7219.68,Budget Users,Normal,Low Priority
CUST-02477,0.4622467799525389,6818.16,At-Risk,Normal,Low Priority
CUST-02478,0.6552692088171838,2686.56,At-Risk,Anomaly,Medium Priority
CUST-02479,0.47449060636129237,5083.200000000001,New / Low-Engaged,Normal,Low Priority
CUST-02480,0.6483924071751094,6361.799999999999,Budget Users,Normal,Critical / High Priority
CUST-02481,0.3153456294881556,6811.799999999999,Loyal High-Value,Normal,Low Priority
CUST-02482,0.09708575875486825,4386.6,New / Low-Engaged,Normal,Low Priority
CUST-02483,0.37383471086571995,5893.08,New / Low-Engaged,Normal,Low Priority
CUST-02484,0.24595585924650248,7081.92,Budget Users,Normal,Low Priority
CUST-02485,0.48261030244835906,6362.400000000001,Budget Users,Normal,Low Priority
CUST-02486,0.2574896070932009,6591.48,Loyal High-Value,Normal,Low Priority
CUST-02487,0.17112404896761868,5647.08,New / Low-Engaged,Normal,Low Priority
CUST-02488,0.2644153504226238,5274.6,Budget Users,Normal,Low Priority
CUST-02489,0.19977811950883034,3400.32,At-Risk,Normal,Low Priority
CUST-02490,0.43318055107030673,4198.5599999999995,At-Risk,Normal,Low Priority
CUST-02491,0.7698024852868325,7908.12,Budget Users,Normal,Critical / High Priority
CUST-02492,0.3348583618645619,6156.960000000001,Budget Users,Normal,Low Priority
CUST-02493,0.2226936397692844,6077.4,Budget Users,Normal,Low Priority
CUST-02494,0.1149323000973369,6856.4400000000005,At-Risk,Normal,Low Priority
CUST-02495,0.4456999746720659,8025.84,Budget Users,Normal,Low Priority
CUST-02496,0.10178346162276791,5744.16,New / Low-Engaged,Normal,Low Priority
CUST-02497,0.19142518826347604,6290.400000000001,Budget Users,Normal,Low Priority
CUST-02498,0.6546330718677178,6917.400000000001,Budget Users,Normal,Critical / High Priority
CUST-02499,0.4589957560892869,5738.88,New / Low-Engaged,Normal,Low Priority
CUST-02500,0.413604702216439,6784.799999999999,Loyal High-Value,Normal,Low Priority
CUST-02501,0.30846490088687906,7042.5599999999995,Budget Users,Normal,Low Priority
CUST-02502,0.7290369098672874,8384.880000000001,Budget Users,Normal,Critical / High Priority
CUST-02503,0.0697125441723865,4991.28,At-Risk,Normal,Low Priority
CUST-02504,0.2175741887738492,4269.12,New / Low-Engaged,Normal,Low Priority
CUST-02505,0.8833105424990759,2522.64,New / Low-Engaged,Normal,Medium Priority
CUST-02506,0.7484508084587665,7701.12,Budget Users,Normal,Critical / High Priority
CUST-02507,0.9426719303884727,6349.5599999999995,At-Risk,Normal,Critical / High Priority
CUST-02508,0.42863057751401373,5091.72,Loyal High-Value,Normal,Low Priority
CUST-02509,0.6667911271201128,6850.92,Budget Users,Normal,Critical / High Priority
CUST-02510,0.22415169283031994,7110.12,Budget Users,Normal,Low Priority
CUST-02511,0.5130714103308218,4392.0,New / Low-Engaged,Normal,Medium Priority
CUST-02512,0.876268538543683,6448.68,Budget Users,Normal,Critical / High Priority
CUST-02513,0.1582686431812349,6420.12,Budget Users,Normal,Low Priority
CUST-02514,0.18934395615769578,4578.0,New / Low-Engaged,Normal,Low Priority
CUST-02515,0.05168224134298113,3802.32,New / Low-Engaged,Normal,Low Priority
CUST-02516,0.19190829438133938,4527.4800000000005,New / Low-Engaged,Normal,Low Priority
CUST-02517,0.42107338813686684,5610.12,New / Low-Engaged,Normal,Low Priority
CUST-02518,0.6040434942885646,7093.08,Loyal High-Value,Normal,Critical / High Priority
CUST-02519,0.1764610956086457,6974.280000000001,Budget Users,Normal,Low Priority
CUST-02520,0.3702494244944824,5550.36,New / Low-Engaged,Normal,Low Priority
CUST-02521,0.514173787657238,5298.0,At-Risk,Normal,Medium Priority
CUST-02522,0.7081840285130329,6362.280000000001,Loyal High-Value,Normal,Critical / High Priority
CUST-02523,0.06544523303091723,6579.84,Loyal High-Value,Normal,Low Priority
CUST-02524,0.20506497043265637,7848.12,At-Risk,Normal,Low Priority
CUST-02525,0.18444367576108384,5949.24,Loyal High-Value,Normal,Low Priority
CUST-02526,0.21991046624631994,5013.12,At-Risk,Normal,Low Priority
CUST-02527,0.12070032959395877,5039.4,At-Risk,Normal,Low Priority
CUST-02528,0.3384844599029465,7251.0,Budget Users,Normal,Low Priority
CUST-02529,0.4754896301072837,5232.4800000000005,New / Low-Engaged,Normal,Low Priority
CUST-02530,0.8904278149204947,6927.599999999999,Budget Users,Normal,Critical / High Priority
CUST-02531,0.32870446115337837,6074.88,Budget Users,Normal,Low Priority
CUST-02532,0.34686711852251134,7470.719999999999,Budget Users,Normal,Low Priority
CUST-02533,0.8298791968455486,6314.88,Budget Users,Normal,Critical / High Priority
CUST-02534,0.3290412081345214,6405.719999999999,At-Risk,Normal,Low Priority
CUST-02535,0.8821030366394736,8098.68,Budget Users,Normal,Critical / High Priority
CUST-02536,0.5783267150946979,5263.08,Loyal High-Value,Normal,Medium Priority
CUST-02537,0.3028870327525191,4600.68,New / Low-Engaged,Normal,Low Priority
CUST-02538,0.286543567871948,7558.799999999999,Budget Users,Normal,Low Priority
CUST-02539,0.19865863332601047,6390.719999999999,Budget Users,Normal,Low Priority
CUST-02540,0.7065951729847436,7162.200000000001,Budget Users,Normal,Critical / High Priority
CUST-02541,0.9174857566771458,6970.92,Loyal High-Value,Normal,Critical / High Priority
CUST-02542,0.5265153910159247,5238.36,New / Low-Engaged,Normal,Medium Priority
CUST-02543,0.596033109473188,6252.24,Budget Users,Normal,Medium Priority
CUST-02544,0.8202687280289399,5473.200000000001,New / Low-Engaged,Normal,Critical / High Priority
CUST-02545,0.10878410122851209,5225.28,At-Risk,Normal,Low Priority
CUST-02546,0.788794610253056,3473.76,New / Low-Engaged,Normal,Medium Priority
CUST-02547,0.0687137801453715,4306.68,New / Low-Engaged,Normal,Low Priority
CUST-02548,0.35409241910687983,3640.08,New / Low-Engaged,Normal,Low Priority
CUST-02549,0.5753878958833542,3851.5199999999995,New / Low-Engaged,Normal,Medium Priority
CUST-02550,0.8815150135579503,4550.64,New / Low-Engaged,Normal,Medium Priority
CUST-02551,0.3066567160635423,6919.32,Budget Users,Normal,Low Priority
CUST-02552,0.8411388084707336,5185.92,New / Low-Engaged,Normal,Critical / High Priority
CUST-02553,0.8517283972714443,2713.2,New / Low-Engaged,Normal,Medium Priority
CUST-02554,0.919092276522986,4007.88,New / Low-Engaged,Normal,Medium Priority
CUST-02555,0.3331609555262369,4706.64,New / Low-Engaged,Normal,Low Priority
CUST-02556,0.5838562895030796,6592.5599999999995,Budget Users,Normal,Medium Priority
CUST-02557,0.8067908171871823,4442.76,New / Low-Engaged,Normal,Medium Priority
CUST-02558,0.1342976849692456,4000.56,New / Low-Engaged,Normal,Low Priority
CUST-02559,0.7636815279814032,6535.200000000001,Budget Users,Normal,Critical / High Priority
CUST-02560,0.5843052874079906,5316.12,At-Risk,Normal,Medium Priority
CUST-02561,0.9156963060762853,6415.200000000001,Budget Users,Normal,Critical / High Priority
CUST-02562,0.2992657365151724,5988.24,Loyal High-Value,Normal,Low Priority
CUST-02563,0.7948312381037428,7380.24,Loyal High-Value,Normal,Critical / High Priority
CUST-02564,0.8010127790890844,4868.04,New / Low-Engaged,Normal,Medium Priority
CUST-02565,0.7465383653185526,6360.599999999999,At-Risk,Normal,Critical / High Priority
CUST-02566,0.7734993949740959,7489.08,Budget Users,Normal,Critical / High Priority
CUST-02567,0.4421038396057765,5429.76,New / Low-Engaged,Normal,Low Priority
CUST-02568,0.5711760505139675,7107.0,At-Risk,Normal,Medium Priority
CUST-02569,0.8466167623130477,4846.08,New / Low-Engaged,Normal,Medium Priority
CUST-02570,0.2442834474894222,5526.96,At-Risk,Normal,Low Priority
CUST-02571,0.42816691702631976,6769.08,Loyal High-Value,Normal,Low Priority
CUST-02572,0.9204487259858539,6185.280000000001,Budget Users,Normal,Critical / High Priority
CUST-02573,0.20404045143409427,6511.5599999999995,Budget Users,Normal,Low Priority
CUST-02574,0.3656522750636159,5485.32,Loyal High-Value,Normal,Low Priority
CUST-02575,0.14566229216657262,3529.32,New / Low-Engaged,Normal,Low Priority
CUST-02576,0.21627251726902097,3751.68,New / Low-Engaged,Normal,Low Priority
CUST-02577,0.07535199271167467,6541.4400000000005,Budget Users,Normal,Low Priority
CUST-02578,0.18644850008497815,8198.64,Budget Users,Normal,Low Priority
CUST-02579,0.6945817965373777,6303.48,New / Low-Engaged,Normal,Critical / High Priority
CUST-02580,0.2680311960089555,3000.12,New / Low-Engaged,Normal,Low Priority
CUST-02581,0.2662901081603168,6083.88,At-Risk,Normal,Low Priority
CUST-02582,0.9188860811367279,7194.84,At-Risk,Normal,Critical / High Priority
CUST-02583,0.6088008621479155,6468.960000000001,Loyal High-Value,Normal,Critical / High Priority
CUST-02584,0.17145067848274487,5418.0,New / Low-Engaged,Normal,Low Priority
CUST-02585,0.6564596271563496,6049.92,New / Low-Engaged,Normal,Critical / High Priority
CUST-02586,0.44154982648753993,4519.4400000000005,New / Low-Engaged,Normal,Low Priority
CUST-02587,0.4430638012910389,7798.32,Budget Users,Normal,Low Priority
CUST-02588,0.6823271963475409,6797.88,Budget Users,Normal,Critical / High Priority
CUST-02589,0.17515231843038198,5263.4400000000005,New / Low-Engaged,Normal,Low Priority
CUST-02590,0.378791468095809,7273.32,Loyal High-Value,Normal,Low Priority
CUST-02591,0.7495257525632217,6255.599999999999,Budget Users,Normal,Critical / High Priority
CUST-02592,0.27031007950982033,5989.08,Loyal High-Value,Normal,Low Priority
CUST-02593,0.9067015488667296,4711.68,New / Low-Engaged,Normal,Medium Priority
CUST-02594,0.12186985290180398,4002.24,New / Low-Engaged,Normal,Low Priority
CUST-02595,0.4378429853257354,6509.88,Budget Users,Normal,Low Priority
CUST-02596,0.8223260111501021,6898.4400000000005,Budget Users,Normal,Critical / High Priority
CUST-02597,0.22098851775323386,6046.200000000001,New / Low-Engaged,Normal,Low Priority
CUST-02598,0.5736240344730298,6175.32,At-Risk,Normal,Medium Priority
CUST-02599,0.5502615009195151,6868.68,At-Risk,Normal,Medium Priority
CUST-02600,0.4117952369879605,6746.280000000001,At-Risk,Normal,Low Priority
CUST-02601,0.19062071213137044,6514.5599999999995,Loyal High-Value,Normal,Low Priority
CUST-02602,0.5497205721628611,6609.24,Budget Users,Normal,Medium Priority
CUST-02603,0.40907658766414634,5949.6,Loyal High-Value,Normal,Low Priority
CUST-02604,0.8128534884312164,4842.12,Loyal High-Value,Normal,Medium Priority
CUST-02605,0.6824452168269504,4435.4400000000005,New / Low-Engaged,Normal,Medium Priority
CUST-02606,0.43851511161830403,5747.64,Budget Users,Normal,Low Priority
CUST-02607,0.8167195711262113,8372.039999999999,At-Risk,Normal,Critical / High Priority
CUST-02608,0.6491216168804119,6880.08,At-Risk,Normal,Critical / High Priority
CUST-02609,0.49595262275939045,4539.6,New / Low-Engaged,Normal,Low Priority
CUST-02610,0.9083901087336006,7440.24,Budget Users,Normal,Critical / High Priority
CUST-02611,0.10396949224244276,6237.719999999999,Budget Users,Normal,Low Priority
CUST-02612,0.6304934751054868,5777.5199999999995,Budget Users,Normal,Critical / High Priority
CUST-02613,0.3207375222278685,5963.16,Budget Users,Normal,Low Priority
CUST-02614,0.18365816347076386,5979.24,Loyal High-Value,Normal,Low Priority
CUST-02615,0.728795938061591,5722.799999999999,Budget Users,Normal,Critical / High Priority
CUST-02616,0.24154968733740445,4555.68,New / Low-Engaged,Normal,Low Priority
CUST-02617,0.34841472627174863,7714.08,Budget Users,Normal,Low Priority
CUST-02618,0.7652606875530297,2630.04,New / Low-Engaged,Normal,Medium Priority
CUST-02619,0.8405066403601212,6416.64,At-Risk,Normal,Critical / High Priority
CUST-02620,0.4998172309898713,4122.4800000000005,New / Low-Engaged,Normal,Low Priority
CUST-02621,0.20354467274620736,7135.799999999999,Budget Users,Normal,Low Priority
CUST-02622,0.09244108945816834,3537.7200000000003,New / Low-Engaged,Normal,Low Priority
CUST-02623,0.16585244046613823,8283.72,Budget Users,Normal,Low Priority
CUST-02624,0.5042938075071268,4453.08,New / Low-Engaged,Normal,Medium Priority
CUST-02625,0.19171655532450532,8688.119999999999,Budget Users,Normal,Low Priority
CUST-02626,0.7243278486200057,7148.400000000001,Budget Users,Normal,Critical / High Priority
CUST-02627,0.23402633868241923,8178.84,Budget Users,Normal,Low Priority
CUST-02628,0.8348660391489275,4349.64,At-Risk,Normal,Medium Priority
CUST-02629,0.3549991422285413,8307.0,Budget Users,Normal,Low Priority
CUST-02630,0.05459103130032314,3494.04,At-Risk,Normal,Low Priority
CUST-02631,0.42578408267217627,6651.0,Budget Users,Normal,Low Priority
CUST-02632,0.14960680503837853,5648.28,At-Risk,Normal,Low Priority
CUST-02633,0.4160247476402411,5715.6,At-Risk,Normal,Low Priority
CUST-02634,0.7300476980507002,6835.08,Loyal High-Value,Normal,Critical / High Priority
CUST-02635,0.5639616110765706,5744.28,At-Risk,Normal,Medium Priority
CUST-02636,0.3118691976855751,5099.04,New / Low-Engaged,Normal,Low Priority
CUST-02637,0.421064228832993,6541.4400000000005,At-Risk,Normal,Low Priority
CUST-02638,0.5254615730536588,9104.64,Budget Users,Normal,Medium Priority
CUST-02639,0.38445064306725163,6760.08,Budget Users,Normal,Low Priority
CUST-02640,0.3826227494971047,7878.24,Loyal High-Value,Normal,Low Priority
CUST-02641,0.18220272231313944,4129.08,At-Risk,Normal,Low Priority
CUST-02642,0.5869026389592915,7591.200000000001,At-Risk,Anomaly,Medium Priority
CUST-02643,0.7115080338149232,5667.6,Loyal High-Value,Normal,Critical / High Priority
CUST-02644,0.25922034331614335,7128.48,Budget Users,Normal,Low Priority
CUST-02645,0.9105314306154918,7490.400000000001,Budget Users,Normal,Critical / High Priority
CUST-02646,0.4270036317421899,6573.0,Budget Users,Normal,Low Priority
CUST-02647,0.0942769171023086,6957.12,Budget Users,Normal,Low Priority
CUST-02648,0.5717622348508711,5034.24,New / Low-Engaged,Normal,Medium Priority
CUST-02649,0.21939338146624482,6852.960000000001,Loyal High-Value,Normal,Low Priority
CUST-02650,0.6441968944885403,7266.84,Budget Users,Normal,Critical / High Priority
CUST-02651,0.5505908718424907,3965.76,New / Low-Engaged,Normal,Medium Priority
CUST-02652,0.5938421202198471,4781.04,New / Low-Engaged,Normal,Medium Priority
CUST-02653,0.759196345817867,4942.92,At-Risk,Normal,Medium Priority
CUST-02654,0.4712526751508349,6799.32,Loyal High-Value,Normal,Low Priority
CUST-02655,0.27260120153593087,5047.08,At-Risk,Normal,Low Priority
CUST-02656,0.6424034895333279,6831.599999999999,At-Risk,Normal,Critical / High Priority
CUST-02657,0.19349056157617206,6833.039999999999,Loyal High-Value,Normal,Low Priority
CUST-02658,0.06922193216337072,5671.68,Budget Users,Normal,Low Priority
CUST-02659,0.8062746287884255,5935.5599999999995,New / Low-Engaged,Normal,Critical / High Priority
CUST-02660,0.10796671846734396,4763.16,New / Low-Engaged,Normal,Low Priority
CUST-02661,0.6125835453575882,5892.0,At-Risk,Normal,Critical / High Priority
CUST-02662,0.19081685708592905,5063.5199999999995,At-Risk,Normal,Low Priority
CUST-02663,0.3092772705432219,6682.799999999999,Budget Users,Normal,Low Priority
CUST-02664,0.8232999580157867,5579.28,At-Risk,Normal,Critical / High Priority
CUST-02665,0.507474941783222,7593.719999999999,Budget Users,Normal,Medium Priority
CUST-02666,0.47760156935584863,7253.16,Loyal High-Value,Normal,Low Priority
CUST-02667,0.06177659650169105,5271.96,At-Risk,Normal,Low Priority
CUST-02668,0.7397085765963521,6271.32,Budget Users,Normal,Critical / High Priority
CUST-02669,0.6849570872819043,5897.16,At-Risk,Normal,Critical / High Priority
CUST-02670,0.9327903860393745,4810.4400000000005,At-Risk,Normal,Medium Priority
CUST-02671,0.5513870638069152,7191.12,Budget Users,Normal,Medium Priority
CUST-02672,0.21437780625429226,3404.5199999999995,New / Low-Engaged,Normal,Low Priority
CUST-02673,0.5073674659640474,8304.599999999999,Budget Users,Normal,Medium Priority
CUST-02674,0.5352674897065232,5281.200000000001,New / Low-Engaged,Normal,Medium Priority
CUST-02675,0.8338185385112117,6912.12,Budget Users,Normal,Critical / High Priority
CUST-02676,0.7099127049854403,6016.5599999999995,Budget Users,Normal,Critical / High Priority
CUST-02677,0.19009425708516364,4579.200000000001,At-Risk,Normal,Low Priority
CUST-02678,0.7094920069042127,5991.72,Loyal High-Value,Normal,Critical / High Priority
CUST-02679,0.8315416217701922,6125.4,Loyal High-Value,Normal,Critical / High Priority
CUST-02680,0.9238008173182959,7104.960000000001,Loyal High-Value,Normal,Critical / High Priority
CUST-02681,0.6422798323705022,5117.5199999999995,New / Low-Engaged,Normal,Critical / High Priority
CUST-02682,0.5054427637182485,5145.4800000000005,Loyal High-Value,Normal,Medium Priority
CUST-02683,0.10938843842351756,5526.84,New / Low-Engaged,Normal,Low Priority
CUST-02684,0.7422442011250651,5254.32,Loyal High-Value,Normal,Critical / High Priority
CUST-02685,0.771003806117992,7660.5599999999995,Budget Users,Normal,Critical / High Priority
CUST-02686,0.6500843683697957,5190.0,New / Low-Engaged,Normal,Critical / High Priority
CUST-02687,0.4639150269497168,5963.88,At-Risk,Normal,Low Priority
CUST-02688,0.09665075238648088,5492.04,New / Low-Engaged,Normal,Low Priority
CUST-02689,0.1623271064530884,5719.92,Budget Users,Normal,Low Priority
CUST-02690,0.6095020902541445,7424.16,Budget Users,Normal,Critical / High Priority
CUST-02691,0.9239041038540242,6795.599999999999,Budget Users,Normal,Critical / High Priority
CUST-02692,0.9379467028906714,7421.280000000001,Budget Users,Normal,Critical / High Priority
CUST-02693,0.3144453696756346,5806.5599999999995,Loyal High-Value,Normal,Low Priority
CUST-02694,0.7800716202852755,7962.0,Loyal High-Value,Normal,Critical / High Priority
CUST-02695,0.5088215984861775,6138.6,At-Risk,Normal,Medium Priority
CUST-02696,0.6092883795960108,3600.4800000000005,New / Low-Engaged,Normal,Medium Priority
CUST-02697,0.43591995696287145,6964.08,Loyal High-Value,Normal,Low Priority
CUST-02698,0.1053167797990423,7502.280000000001,Loyal High-Value,Normal,Low Priority
CUST-02699,0.22202501688800713,5117.64,New / Low-Engaged,Normal,Low Priority
CUST-02700,0.49095093610359897,5447.16,New / Low-Engaged,Normal,Low Priority
CUST-02701,0.33777088390382976,4634.28,New / Low-Engaged,Normal,Low Priority
CUST-02702,0.4038424633729376,4870.4400000000005,New / Low-Engaged,Normal,Low Priority
CUST-02703,0.5318333050434432,5668.08,New / Low-Engaged,Normal,Medium Priority
CUST-02704,0.418119938469819,5996.88,Loyal High-Value,Anomaly,Low Priority
CUST-02705,0.35042145641935474,4724.16,Loyal High-Value,Normal,Low Priority
CUST-02706,0.28789964062169476,4436.64,New / Low-Engaged,Normal,Low Priority
CUST-02707,0.8765750025840744,3431.88,New / Low-Engaged,Normal,Medium Priority
CUST-02708,0.5250188957641039,5291.64,New / Low-Engaged,Normal,Medium Priority
CUST-02709,0.25750452405871027,5963.76,Budget Users,Normal,Low Priority
CUST-02710,0.4607206777680843,5765.88,New / Low-Engaged,Normal,Low Priority
CUST-02711,0.7675160214030694,6984.960000000001,Budget Users,Normal,Critical / High Priority
CUST-02712,0.6130610713778897,7407.719999999999,Budget Users,Normal,Critical / High Priority
CUST-02713,0.9285343378740444,5804.88,At-Risk,Normal,Critical / High Priority
CUST-02714,0.34957368237568653,6988.92,Loyal High-Value,Normal,Low Priority
CUST-02715,0.5117554893835484,4553.28,Loyal High-Value,Normal,Medium Priority
CUST-02716,0.31446080720545305,9101.52,Budget Users,Normal,Low Priority
CUST-02717,0.19871481853496475,5429.76,New / Low-Engaged,Normal,Low Priority
CUST-02718,0.48847821851797213,6970.5599999999995,Budget Users,Normal,Low Priority
CUST-02719,0.4115016697020921,7975.68,Budget Users,Normal,Low Priority
CUST-02720,0.5311031295963161,7885.68,Budget Users,Normal,Medium Priority
CUST-02721,0.3765956434536006,3548.6400000000003,New / Low-Engaged,Normal,Low Priority
CUST-02722,0.5866105328068233,5529.0,Budget Users,Normal,Medium Priority
CUST-02723,0.3817066165899952,4593.6,New / Low-Engaged,Normal,Low Priority
CUST-02724,0.7659086385770102,3267.96,New / Low-Engaged,Normal,Medium Priority
CUST-02725,0.5971586378926271,4040.3999999999996,New / Low-Engaged,Normal,Medium Priority
CUST-02726,0.6172186476726242,6662.64,Budget Users,Normal,Critical / High Priority
CUST-02727,0.40312631047122816,6478.92,Budget Users,Normal,Low Priority
CUST-02728,0.6124589823868855,4877.28,New / Low-Engaged,Normal,Medium Priority
CUST-02729,0.6757117421793549,7593.84,Budget Users,Normal,Critical / High Priority
CUST-02730,0.7625948845970495,6798.24,At-Risk,Normal,Critical / High Priority
CUST-02731,0.05915128153634114,8208.84,Budget Users,Normal,Low Priority
CUST-02732,0.2778116115419284,7437.12,Budget Users,Normal,Low Priority
CUST-02733,0.6891130589228217,6186.0,Loyal High-Value,Normal,Critical / High Priority
CUST-02734,0.9339072035421916,2519.2799999999997,At-Risk,Normal,Medium Priority
CUST-02735,0.8318698155414389,6321.599999999999,Loyal High-Value,Normal,Critical / High Priority
CUST-02736,0.6822458640870827,5047.5599999999995,New / Low-Engaged,Normal,Critical / High Priority
CUST-02737,0.20895592080267789,4342.200000000001,New / Low-Engaged,Anomaly,Low Priority
CUST-02738,0.10290157571972802,4684.92,At-Risk,Normal,Low Priority
CUST-02739,0.4951747086162513,5939.64,Budget Users,Normal,Low Priority
CUST-02740,0.8988947128005497,7194.0,Budget Users,Normal,Critical / High Priority
CUST-02741,0.8588911723463964,6583.200000000001,Budget Users,Normal,Critical / High Priority
CUST-02742,0.1437712067262512,8289.0,Budget Users,Normal,Low Priority
CUST-02743,0.6318679195606883,6465.12,At-Risk,Normal,Critical / High Priority
CUST-02744,0.8424457588721296,3429.3599999999997,New / Low-Engaged,Normal,Medium Priority
CUST-02745,0.7587664696902654,7172.64,Loyal High-Value,Normal,Critical / High Priority
CUST-02746,0.39101031375988343,4691.76,New / Low-Engaged,Normal,Low Priority
CUST-02747,0.5119162841615155,4923.0,Loyal High-Value,Normal,Medium Priority
CUST-02748,0.7628180434326273,6432.12,Budget Users,Normal,Critical / High Priority
CUST-02749,0.3001998262907015,6006.0,New / Low-Engaged,Normal,Low Priority
CUST-02750,0.11551542973625552,4662.4800000000005,New / Low-Engaged,Normal,Low Priority
CUST-02751,0.32232523349072173,3934.08,At-Risk,Normal,Low Priority
CUST-02752,0.9189358779713996,4269.4800000000005,Loyal High-Value,Normal,Medium Priority
CUST-02753,0.5150909085254132,7324.08,Budget Users,Normal,Medium Priority
CUST-02754,0.5866197665691595,5244.12,New / Low-Engaged,Normal,Medium Priority
CUST-02755,0.5787480652741357,4687.68,Loyal High-Value,Normal,Medium Priority
CUST-02756,0.6863126507686332,6002.28,Budget Users,Normal,Critical / High Priority
CUST-02757,0.42961101362792525,4272.6,New / Low-Engaged,Normal,Low Priority
CUST-02758,0.5767436130542443,5053.92,New / Low-Engaged,Normal,Medium Priority
CUST-02759,0.5765559673230297,3118.92,New / Low-Engaged,Normal,Medium Priority
CUST-02760,0.09498332057476597,4847.4,New / Low-Engaged,Normal,Low Priority
CUST-02761,0.1749588051441913,7288.92,Budget Users,Normal,Low Priority
CUST-02762,0.23661390156342782,4181.28,New / Low-Engaged,Normal,Low Priority
CUST-02763,0.0536963403507709,6115.4400000000005,New / Low-Engaged,Normal,Low Priority
CUST-02764,0.6027357999709604,6828.84,Budget Users,Normal,Critical / High Priority
CUST-02765,0.24170915256193393,4506.6,At-Risk,Normal,Low Priority
CUST-02766,0.4725308659245663,4803.0,New / Low-Engaged,Normal,Low Priority
CUST-02767,0.43429983546756673,6037.68,At-Risk,Normal,Low Priority
CUST-02768,0.25769744697099617,5585.76,Loyal High-Value,Normal,Low Priority
CUST-02769,0.08362311585444789,6769.08,Loyal High-Value,Normal,Low Priority
CUST-02770,0.4045996713871905,8204.16,Budget Users,Normal,Low Priority
CUST-02771,0.25512890935244176,3503.5199999999995,New / Low-Engaged,Normal,Low Priority
CUST-02772,0.09167881533560789,4772.4,New / Low-Engaged,Normal,Low Priority
CUST-02773,0.6064634184988339,6406.68,Budget Users,Normal,Critical / High Priority
CUST-02774,0.42287838030592856,4973.04,New / Low-Engaged,Normal,Low Priority
CUST-02775,0.18960537576810732,7374.24,Budget Users,Normal,Low Priority
CUST-02776,0.532031435087638,2944.44,New / Low-Engaged,Anomaly,Medium Priority
CUST-02777,0.5710400095411882,6381.48,Budget Users,Normal,Medium Priority
CUST-02778,0.9031612519667245,8957.76,Budget Users,Normal,Critical / High Priority
CUST-02779,0.33057737980067126,7365.719999999999,Budget Users,Normal,Low Priority
CUST-02780,0.5605217484186459,3902.04,New / Low-Engaged,Normal,Medium Priority
CUST-02781,0.25987489471467085,4491.12,New / Low-Engaged,Normal,Low Priority
CUST-02782,0.31776863169741054,7160.88,Loyal High-Value,Normal,Low Priority
CUST-02783,0.5830196642440312,6195.48,At-Risk,Normal,Medium Priority
CUST-02784,0.23416418523343785,6123.36,Budget Users,Normal,Low Priority
CUST-02785,0.2946572319715393,6994.68,Budget Users,Normal,Low Priority
CUST-02786,0.0896787407491102,6376.32,Budget Users,Normal,Low Priority
CUST-02787,0.3654203740372319,4350.36,New / Low-Engaged,Normal,Low Priority
CUST-02788,0.07436254909781384,6926.280000000001,Budget Users,Normal,Low Priority
CUST-02789,0.5924771147751937,7859.16,Loyal High-Value,Normal,Medium Priority
CUST-02790,0.23414146958106463,3594.6000000000004,At-Risk,Normal,Low Priority
CUST-02791,0.3766388331936783,7201.200000000001,Loyal High-Value,Normal,Low Priority
CUST-02792,0.33162924459734133,5704.5599999999995,Loyal High-Value,Normal,Low Priority
CUST-02793,0.8921680937362962,6186.12,Budget Users,Normal,Critical / High Priority
CUST-02794,0.7210437093866364,10403.880000000001,Budget Users,Anomaly,Critical / High Priority
CUST-02795,0.9103494998771132,6276.12,At-Risk,Normal,Critical / High Priority
CUST-02796,0.3819578158110567,6000.84,Budget Users,Normal,Low Priority
CUST-02797,0.42634160220868134,6567.599999999999,Budget Users,Normal,Low Priority
CUST-02798,0.6201728310778294,6982.4400000000005,Budget Users,Normal,Critical / High Priority
CUST-02799,0.7144030518297442,5886.0,Loyal High-Value,Normal,Critical / High Priority
CUST-02800,0.32545916365437255,6587.88,Budget Users,Normal,Low Priority
CUST-02801,0.914903503054774,8831.52,Budget Users,Normal,Critical / High Priority
CUST-02802,0.0964927728417762,6431.400000000001,Loyal High-Value,Normal,Low Priority
CUST-02803,0.9489895331970855,3002.52,New / Low-Engaged,Normal,Medium Priority
CUST-02804,0.3511726790508488,8101.5599999999995,At-Risk,Normal,Low Priority
CUST-02805,0.3947857314856614,4655.76,New / Low-Engaged,Normal,Low Priority
CUST-02806,0.2774738310334666,5592.6,Budget Users,Normal,Low Priority
CUST-02807,0.327246748386436,4954.799999999999,New / Low-Engaged,Normal,Low Priority
CUST-02808,0.5391803543016667,4425.12,New / Low-Engaged,Normal,Medium Priority
CUST-02809,0.13417902192482256,8100.719999999999,Budget Users,Normal,Low Priority
CUST-02810,0.4058012132086196,3647.88,New / Low-Engaged,Normal,Low Priority
CUST-02811,0.33948882012253495,4889.5199999999995,New / Low-Engaged,Normal,Low Priority
CUST-02812,0.6342557873402189,5881.32,At-Risk,Normal,Critical / High Priority
CUST-02813,0.6384886904699295,5107.32,Loyal High-Value,Normal,Critical / High Priority
CUST-02814,0.7742580096056982,7656.719999999999,Budget Users,Normal,Critical / High Priority
CUST-02815,0.6469592980480012,5271.96,At-Risk,Normal,Critical / High Priority
CUST-02816,0.37799212230374346,7635.0,Budget Users,Normal,Low Priority
CUST-02817,0.24976880744983315,7411.92,Budget Users,Normal,Low Priority
CUST-02818,0.6658651360462321,6909.960000000001,Loyal High-Value,Normal,Critical / High Priority
CUST-02819,0.7580501721000044,7325.400000000001,Budget Users,Normal,Critical / High Priority
CUST-02820,0.8324054219322667,6711.36,Loyal High-Value,Normal,Critical / High Priority
CUST-02821,0.7396260714753389,3873.24,New / Low-Engaged,Normal,Medium Priority
CUST-02822,0.8373048445853578,2819.7599999999998,New / Low-Engaged,Normal,Medium Priority
CUST-02823,0.5129220695337422,4995.24,New / Low-Engaged,Normal,Medium Priority
CUST-02824,0.47155600003218523,6757.08,Loyal High-Value,Normal,Low Priority
CUST-02825,0.7490564103718964,8628.48,Budget Users,Normal,Critical / High Priority
CUST-02826,0.14801794465024526,6627.960000000001,Budget Users,Normal,Low Priority
CUST-02827,0.7583151480880472,2797.32,At-Risk,Anomaly,Medium Priority
CUST-02828,0.27895717270961873,6913.200000000001,Budget Users,Normal,Low Priority
CUST-02829,0.05825117083039483,8866.92,Budget Users,Normal,Low Priority
CUST-02830,0.5758882929359987,7605.12,At-Risk,Normal,Medium Priority
CUST-02831,0.8720303238858218,4308.36,Loyal High-Value,Normal,Medium Priority
CUST-02832,0.8359528204212457,6766.5599999999995,Loyal High-Value,Normal,Critical / High Priority
CUST-02833,0.666495994524666,6176.400000000001,Loyal High-Value,Normal,Critical / High Priority
CUST-02834,0.5533475977061045,5903.16,New / Low-Engaged,Normal,Medium Priority
CUST-02835,0.4762767455440145,4615.68,New / Low-Engaged,Normal,Low Priority
CUST-02836,0.6736036877914315,6974.52,Budget Users,Normal,Critical / High Priority
CUST-02837,0.47896672985894123,5758.4400000000005,New / Low-Engaged,Normal,Low Priority
CUST-02838,0.6324409797601444,4554.4800000000005,New / Low-Engaged,Normal,Medium Priority
CUST-02839,0.29166788087993234,6455.64,Budget Users,Normal,Low Priority
CUST-02840,0.9413645302253255,5843.76,New / Low-Engaged,Normal,Critical / High Priority
CUST-02841,0.6845516485863178,5209.799999999999,New / Low-Engaged,Normal,Critical / High Priority
CUST-02842,0.8864121116645718,8993.16,Budget Users,Normal,Critical / High Priority
CUST-02843,0.8256704681480028,6012.0,Budget Users,Normal,Critical / High Priority
CUST-02844,0.29427354188683513,4499.64,New / Low-Engaged,Normal,Low Priority
CUST-02845,0.3642436224661516,5870.04,New / Low-Engaged,Normal,Low Priority
CUST-02846,0.25019923481931056,5611.5599999999995,Budget Users,Normal,Low Priority
CUST-02847,0.8158118432695274,7859.88,Budget Users,Normal,Critical / High Priority
CUST-02848,0.6389824948854078,4925.76,New / Low-Engaged,Normal,Medium Priority
CUST-02849,0.49554519728817026,8273.880000000001,Budget Users,Normal,Low Priority
CUST-02850,0.24324874808059327,3529.32,New / Low-Engaged,Normal,Low Priority
CUST-02851,0.291835444207193,6084.72,Loyal High-Value,Normal,Low Priority
CUST-02852,0.074414732804938,4964.64,New / Low-Engaged,Normal,Low Priority
CUST-02853,0.4494590500007858,5714.4,At-Risk,Normal,Low Priority
CUST-02854,0.7435078318123247,4368.96,New / Low-Engaged,Normal,Medium Priority
CUST-02855,0.5902606228423747,7440.0,Loyal High-Value,Normal,Medium Priority
CUST-02856,0.211271196832913,6840.24,At-Risk,Normal,Low Priority
CUST-02857,0.13837495481328665,5208.36,New / Low-Engaged,Normal,Low Priority
CUST-02858,0.13902593880246783,7114.799999999999,Budget Users,Normal,Low Priority
CUST-02859,0.5660442016134171,5615.04,New / Low-Engaged,Normal,Medium Priority
CUST-02860,0.8733589000489889,4605.36,New / Low-Engaged,Normal,Medium Priority
CUST-02861,0.8226188192398585,3980.16,New / Low-Engaged,Normal,Medium Priority
CUST-02862,0.12035725027706136,7432.32,Budget Users,Normal,Low Priority
CUST-02863,0.9304680984066622,5957.04,Loyal High-Value,Normal,Critical / High Priority
CUST-02864,0.8849637806027455,7023.719999999999,Loyal High-Value,Normal,Critical / High Priority
CUST-02865,0.49232049964773916,4982.04,At-Risk,Normal,Low Priority
CUST-02866,0.3179930780979837,7690.5599999999995,Budget Users,Normal,Low Priority
CUST-02867,0.6464449782925227,3034.32,New / Low-Engaged,Anomaly,Medium Priority
CUST-02868,0.11095767850527852,7597.799999999999,Budget Users,Normal,Low Priority
CUST-02869,0.6371145125130393,5240.16,At-Risk,Normal,Critical / High Priority
CUST-02870,0.5607870648875998,5620.92,Budget Users,Normal,Medium Priority
CUST-02871,0.6086440886819441,7735.08,Budget Users,Normal,Critical / High Priority
CUST-02872,0.15093245431278196,7143.12,Loyal High-Value,Normal,Low Priority
CUST-02873,0.6234955035372487,5356.68,New / Low-Engaged,Normal,Critical / High Priority
CUST-02874,0.8955889124494122,5187.36,New / Low-Engaged,Normal,Critical / High Priority
CUST-02875,0.7878585814446529,6668.280000000001,Budget Users,Normal,Critical / High Priority
CUST-02876,0.444785132998371,3549.0,New / Low-Engaged,Normal,Low Priority
CUST-02877,0.7396751234334319,3478.7999999999997,New / Low-Engaged,Normal,Medium Priority
CUST-02878,0.594465156142253,5462.28,New / Low-Engaged,Normal,Medium Priority
CUST-02879,0.8728828493737398,3565.92,New / Low-Engaged,Normal,Medium Priority
CUST-02880,0.7600208389391183,3576.0,New / Low-Engaged,Normal,Medium Priority
CUST-02881,0.702188941539782,8086.68,Budget Users,Normal,Critical / High Priority
CUST-02882,0.2598093510802934,5325.24,New / Low-Engaged,Normal,Low Priority
CUST-02883,0.19008750925192497,6262.200000000001,Budget Users,Normal,Low Priority
CUST-02884,0.9466571210326361,6060.6,Budget Users,Normal,Critical / High Priority
CUST-02885,0.7805433629745865,8242.44,Budget Users,Normal,Critical / High Priority
CUST-02886,0.237201029031179,3902.3999999999996,New / Low-Engaged,Normal,Low Priority
CUST-02887,0.45566047386799485,4579.200000000001,At-Risk,Anomaly,Low Priority
CUST-02888,0.19735710117400979,5701.32,New / Low-Engaged,Normal,Low Priority
CUST-02889,0.367413113137386,5580.12,New / Low-Engaged,Normal,Low Priority
CUST-02890,0.2552679078595571,5433.36,New / Low-Engaged,Normal,Low Priority
CUST-02891,0.34890946536905193,4846.200000000001,New / Low-Engaged,Normal,Low Priority
CUST-02892,0.07257191089048592,7277.88,Budget Users,Normal,Low Priority
CUST-02893,0.3645635784835976,4713.6,New / Low-Engaged,Normal,Low Priority
CUST-02894,0.3898012394172219,7004.280000000001,Budget Users,Normal,Low Priority
CUST-02895,0.49263371552084,2471.7599999999998,At-Risk,Normal,Low Priority
CUST-02896,0.36240609759994374,7338.719999999999,Budget Users,Normal,Low Priority
CUST-02897,0.5191567475280824,6697.5599999999995,Loyal High-Value,Normal,Medium Priority
CUST-02898,0.3993624554218383,5517.72,New / Low-Engaged,Normal,Low Priority
CUST-02899,0.8274561350903986,5370.24,New / Low-Engaged,Normal,Critical / High Priority
CUST-02900,0.6714021562999757,3055.8,New / Low-Engaged,Anomaly,Medium Priority
CUST-02901,0.17333918249329563,6342.0,Budget Users,Normal,Low Priority
CUST-02902,0.9401646507241423,7200.84,Loyal High-Value,Normal,Critical / High Priority
CUST-02903,0.7339467726351936,3577.44,New / Low-Engaged,Normal,Medium Priority
CUST-02904,0.733353622567984,5898.6,Loyal High-Value,Normal,Critical / High Priority
CUST-02905,0.6533133460972198,7348.4400000000005,Budget Users,Normal,Critical / High Priority
CUST-02906,0.2421233659490803,5538.12,Loyal High-Value,Normal,Low Priority
CUST-02907,0.3529650683476085,7085.039999999999,Budget Users,Normal,Low Priority
CUST-02908,0.7890856112850874,5798.64,At-Risk,Normal,Critical / High Priority
CUST-02909,0.2532201204902102,6710.76,Budget Users,Normal,Low Priority
CUST-02910,0.9058090904677005,5983.5599999999995,At-Risk,Normal,Critical / High Priority
CUST-02911,0.7534052457887808,7226.52,Budget Users,Normal,Critical / High Priority
CUST-02912,0.8802703117750119,6197.64,Budget Users,Normal,Critical / High Priority
CUST-02913,0.5180060892126331,4271.88,New / Low-Engaged,Normal,Medium Priority
CUST-02914,0.5169244970285706,6607.68,Budget Users,Normal,Medium Priority
CUST-02915,0.6011267724895697,6503.88,Loyal High-Value,Normal,Critical / High Priority
CUST-02916,0.7937250640017228,3743.5199999999995,New / Low-Engaged,Normal,Medium Priority
CUST-02917,0.5291744120728705,7444.4400000000005,Loyal High-Value,Normal,Medium Priority
CUST-02918,0.4312069904411659,7051.92,Budget Users,Normal,Low Priority
CUST-02919,0.9375872118883073,5045.28,New / Low-Engaged,Normal,Critical / High Priority
CUST-02920,0.4024061346455517,8018.400000000001,At-Risk,Normal,Low Priority
CUST-02921,0.6149450887315825,3480.4800000000005,New / Low-Engaged,Normal,Medium Priority
CUST-02922,0.6479088162391027,5003.04,New / Low-Engaged,Normal,Critical / High Priority
CUST-02923,0.5439453692310168,4431.36,New / Low-Engaged,Normal,Medium Priority
CUST-02924,0.1694450470031505,6405.48,Budget Users,Normal,Low Priority
CUST-02925,0.3672847482820232,4214.04,New / Low-Engaged,Normal,Low Priority
CUST-02926,0.11971483310068151,4912.799999999999,New / Low-Engaged,Normal,Low Priority
CUST-02927,0.12422197470784525,7337.64,Loyal High-Value,Normal,Low Priority
CUST-02928,0.8880677795115595,4877.5199999999995,At-Risk,Normal,Medium Priority
CUST-02929,0.28994009352741834,4756.200000000001,At-Risk,Normal,Low Priority
CUST-02930,0.6461406138170258,8698.56,Loyal High-Value,Normal,Critical / High Priority
CUST-02931,0.5774450155953423,4520.76,New / Low-Engaged,Normal,Medium Priority
CUST-02932,0.7555475214382085,3699.3599999999997,New / Low-Engaged,Normal,Medium Priority
CUST-02933,0.19131248563941516,5277.0,Loyal High-Value,Normal,Low Priority
CUST-02934,0.6233831587903241,3328.68,At-Risk,Normal,Medium Priority
CUST-02935,0.8535359144480008,5153.4,At-Risk,Normal,Critical / High Priority
CUST-02936,0.42521433049481394,6741.84,Budget Users,Normal,Low Priority
CUST-02937,0.11296466355779312,8045.64,Loyal High-Value,Normal,Low Priority
CUST-02938,0.21240751617000292,7184.400000000001,Budget Users,Normal,Low Priority
CUST-02939,0.459915068898901,6095.64,Loyal High-Value,Normal,Low Priority
CUST-02940,0.696427134192262,4010.3999999999996,New / Low-Engaged,Normal,Medium Priority
CUST-02941,0.6202156268761867,5083.4400000000005,New / Low-Engaged,Normal,Critical / High Priority
CUST-02942,0.05889811588533437,5460.6,New / Low-Engaged,Normal,Low Priority
CUST-02943,0.20001045642021592,6799.32,Budget Users,Normal,Low Priority
CUST-02944,0.2958668460318915,2531.7599999999998,New / Low-Engaged,Normal,Low Priority
CUST-02945,0.8285450473314702,7556.64,Loyal High-Value,Normal,Critical / High Priority
CUST-02946,0.6074251725458298,5443.08,Loyal High-Value,Normal,Critical / High Priority
CUST-02947,0.15189339433883114,4160.5199999999995,New / Low-Engaged,Normal,Low Priority
CUST-02948,0.5634215886686672,6693.599999999999,Loyal High-Value,Normal,Medium Priority
CUST-02949,0.9169171378540472,5017.32,New / Low-Engaged,Normal,Critical / High Priority
CUST-02950,0.4056831579577281,4184.04,At-Risk,Normal,Low Priority
CUST-02951,0.6032274876390601,5403.72,Loyal High-Value,Normal,Critical / High Priority
CUST-02952,0.7889057965873412,7103.76,Budget Users,Normal,Critical / High Priority
CUST-02953,0.4051150450735081,6918.84,Budget Users,Normal,Low Priority
CUST-02954,0.13989716405079075,6009.12,At-Risk,Normal,Low Priority
CUST-02955,0.1849136748007431,5567.5199999999995,At-Risk,Normal,Low Priority
CUST-02956,0.19076126577895353,7767.24,Budget Users,Normal,Low Priority
CUST-02957,0.6604489802676888,3320.5199999999995,New / Low-Engaged,Normal,Medium Priority
CUST-02958,0.21272704452790686,3686.04,New / Low-Engaged,Normal,Low Priority
CUST-02959,0.6007721137291049,4124.76,New / Low-Engaged,Normal,Medium Priority
CUST-02960,0.8752830144269027,7177.200000000001,Budget Users,Normal,Critical / High Priority
CUST-02961,0.379466942632667,7919.400000000001,Budget Users,Normal,Low Priority
CUST-02962,0.7337333433559419,7171.08,Loyal High-Value,Normal,Critical / High Priority
CUST-02963,0.8305692024123992,5570.76,At-Risk,Normal,Critical / High Priority
CUST-02964,0.2508574410520263,8172.84,Budget Users,Normal,Low Priority
CUST-02965,0.27820515938656754,5730.36,Loyal High-Value,Normal,Low Priority
CUST-02966,0.12018455499657435,4984.32,At-Risk,Anomaly,Low Priority
CUST-02967,0.8352686940705947,6228.960000000001,Budget Users,Normal,Critical / High Priority
CUST-02968,0.3103995200809824,7010.16,Budget Users,Normal,Low Priority
CUST-02969,0.05211116846913049,3507.24,New / Low-Engaged,Normal,Low Priority
CUST-02970,0.6908538475189913,4990.68,New / Low-Engaged,Normal,Medium Priority
CUST-02971,0.6900483538636788,4842.72,New / Low-Engaged,Normal,Medium Priority
CUST-02972,0.23789994552739913,7063.68,Budget Users,Normal,Low Priority
CUST-02973,0.5623095397574406,5816.16,New / Low-Engaged,Normal,Medium Priority
CUST-02974,0.6946009963445583,6882.24,Budget Users,Normal,Critical / High Priority
CUST-02975,0.94089168823137,3968.88,At-Risk,Normal,Medium Priority
CUST-02976,0.36852328130448375,3385.68,New / Low-Engaged,Normal,Low Priority
CUST-02977,0.1837520311427755,4693.68,New / Low-Engaged,Normal,Low Priority
CUST-02978,0.9233334527657854,6174.12,At-Risk,Normal,Critical / High Priority
CUST-02979,0.649485630787295,4412.4,New / Low-Engaged,Normal,Medium Priority
CUST-02980,0.8549839397720808,5468.64,At-Risk,Normal,Critical / High Priority
CUST-02981,0.7857551664314574,6328.200000000001,Budget Users,Normal,Critical / High Priority
CUST-02982,0.6219934337121488,7296.960000000001,At-Risk,Normal,Critical / High Priority
CUST-02983,0.1954431972210064,3914.76,New / Low-Engaged,Normal,Low Priority
CUST-02984,0.8933578230651785,5686.200000000001,Loyal High-Value,Normal,Critical / High Priority
CUST-02985,0.6975464594224602,4411.08,New / Low-Engaged,Normal,Medium Priority
CUST-02986,0.37372859556388527,4976.76,New / Low-Engaged,Normal,Low Priority
CUST-02987,0.5328415763056968,4541.64,New / Low-Engaged,Normal,Medium Priority
CUST-02988,0.7079238621683837,6159.0,Budget Users,Normal,Critical / High Priority
CUST-02989,0.45760320011260797,7575.599999999999,Budget Users,Normal,Low Priority
CUST-02990,0.3213530710722145,6935.280000000001,Loyal High-Value,Normal,Low Priority
CUST-02991,0.2767654961372212,4629.72,New / Low-Engaged,Normal,Low Priority
CUST-02992,0.8890198635293576,4700.28,New / Low-Engaged,Normal,Medium Priority
CUST-02993,0.4970836848528223,4460.64,Loyal High-Value,Normal,Low Priority
CUST-02994,0.450039796667836,4475.16,At-Risk,Normal,Low Priority
CUST-02995,0.7760025025780877,6385.68,At-Risk,Normal,Critical / High Priority
CUST-02996,0.5192160737027561,6365.52,Loyal High-Value,Normal,Medium Priority
CUST-02997,0.26063202280952635,5258.28,New / Low-Engaged,Normal,Low Priority
CUST-02998,0.13374967736709042,6839.76,Budget Users,Normal,Low Priority
CUST-02999,0.14228201428758147,5510.28,Budget Users,Normal,Low Priority
CUST-03000,0.061069710136463506,4548.24,New / Low-Engaged,Normal,Low Priority
